ticker,cik,entity_name,concept,label,unit,start,end,val,accn,fy,fp,form,filed,frame
BAC,70858,BofA Finance LLC,CashFlowHedgeGainLossToBeReclassifiedWithinTwelveMonths,Cash Flow Hedge Gain (Loss) to be Reclassified within Twelve Months,USD,2010-01-02,2010-12-31,1200000000.0,0000950123-10-074181,2010.0,Q2,10-Q,2010-08-06,
NKE,320187,"NIKE, Inc.",FutureAmortizationExpenseYearFour,"Future Amortization Expense, Year Four (Deprecated 2012-01-31)",USD,2014-06-01,2015-05-31,6000000.0,0001193125-10-224858,2011.0,Q1,10-Q,2010-10-06,CY2014
NKE,320187,"NIKE, Inc.",FutureAmortizationExpenseYearThree,"Future Amortization Expense, Year Three (Deprecated 2012-01-31)",USD,2013-06-01,2014-05-31,9000000.0,0001193125-10-224858,2011.0,Q1,10-Q,2010-10-06,CY2013
NKE,320187,"NIKE, Inc.",FutureAmortizationExpenseYearTwo,"Future Amortization Expense, Year Two (Deprecated 2012-01-31)",USD,2012-06-01,2013-05-31,11000000.0,0001193125-10-224858,2011.0,Q1,10-Q,2010-10-06,CY2012
HON,773840,Honeywell International Inc,DefinedBenefitPlanAssumptionsUsedCalculatingNetPeriodicBenefitCostExpectedLongTermReturnOnAssets,"Defined Benefit Plan, Assumptions Used Calculating Net Periodic Benefit Cost, Expected Long-term Rate of Return on Plan Assets",pure,2011-01-01,2011-12-31,0.08,0000930413-11-000961,2010.0,FY,10-K,2011-02-11,CY2011
CVX,93410,Chevron Corp,BusinessAcquisitionCostOfAcquiredEntityPurchasePrice,"Business Acquisition, Cost of Acquired Entity, Purchase Price (Deprecated 2013-01-31)",USD,,2011-02-28,4470000000.0,0000950123-11-017688,2010.0,FY,10-K,2011-02-24,CY2011Q1I
BAC,70858,BofA Finance LLC,CommonStockDividendsPerShareDeclared,"Common Stock, Dividends, Per Share, Declared",USD/shares,2011-01-01,2011-12-31,0.01,0000950123-11-018743,2010.0,FY,10-K,2011-02-25,CY2011
MRK,310158,"Merck & Co., Inc.",OperatingLeasesFutureMinimumPaymentsReceivableCurrent,"Operating Leases, Future Minimum Payments Receivable, Current",USD,,2011-12-31,247000000.0,0000950123-11-019286,2010.0,FY,10-K,2011-02-28,CY2011Q4I
MRK,310158,"Merck & Co., Inc.",OperatingLeasesFutureMinimumPaymentsReceivableInFourYears,"Operating Leases, Future Minimum Payments Receivable, in Four Years",USD,,2014-12-31,93000000.0,0000950123-11-019286,2010.0,FY,10-K,2011-02-28,CY2014Q4I
MRK,310158,"Merck & Co., Inc.",OperatingLeasesFutureMinimumPaymentsReceivableInThreeYears,"Operating Leases, Future Minimum Payments Receivable, in Three Years",USD,,2013-12-31,142000000.0,0000950123-11-019286,2010.0,FY,10-K,2011-02-28,CY2013Q4I
MRK,310158,"Merck & Co., Inc.",OperatingLeasesFutureMinimumPaymentsReceivableInTwoYears,"Operating Leases, Future Minimum Payments Receivable, in Two Years",USD,,2012-12-31,187000000.0,0000950123-11-019286,2010.0,FY,10-K,2011-02-28,CY2012Q4I
MRK,310158,"Merck & Co., Inc.",OperatingLeasesFutureMinimumPaymentsReceivableThereafter,"Operating Leases, Future Minimum Payments Receivable, Thereafter",USD,,2016-12-31,125000000.0,0000950123-11-019286,2010.0,FY,10-K,2011-02-28,CY2016Q4I
MRK,310158,"Merck & Co., Inc.",OperatingLeasesFutureMinimumPaymentsReceivableInFiveYears,"Operating Leases, Future Minimum Payments Receivable, in Five Years",USD,,2015-12-31,85000000.0,0000950123-11-019286,2010.0,FY,10-K,2011-02-28,CY2015Q4I
MS,895421,MORGAN STANLEY,ShareBasedCompensationArrangementByShareBasedPaymentAwardDiscountFromMarketPrice,"Share-based Compensation Arrangement by Share-based Payment Award, Discount from Market Price (Deprecated 2011-01-31)",pure,2011-01-01,2011-12-31,0.15,0001193125-11-050049,2010.0,FY,10-K,2011-02-28,CY2011
ORCL,1341439,Oracle Corporation,FutureAmortizationExpenseYearTwo,"Future Amortization Expense, Year Two (Deprecated 2012-01-31)",USD,2012-06-01,2013-05-31,1874000000.0,0001193125-11-081178,2011.0,Q3,10-Q,2011-03-29,CY2012
ORCL,1341439,Oracle Corporation,FutureAmortizationExpenseYearThree,"Future Amortization Expense, Year Three (Deprecated 2012-01-31)",USD,2013-06-01,2014-05-31,1526000000.0,0001193125-11-081178,2011.0,Q3,10-Q,2011-03-29,CY2013
ORCL,1341439,Oracle Corporation,FutureAmortizationExpenseYearFour,"Future Amortization Expense, Year Four (Deprecated 2012-01-31)",USD,2014-06-01,2015-05-31,1127000000.0,0001193125-11-081178,2011.0,Q3,10-Q,2011-03-29,CY2014
ORCL,1341439,Oracle Corporation,FutureAmortizationExpenseYearFive,"Future Amortization Expense, Year Five (Deprecated 2012-01-31)",USD,2015-06-01,2016-05-31,635000000.0,0001193125-11-081178,2011.0,Q3,10-Q,2011-03-29,CY2015
WMT,104169,WALMART INC.,OperatingLeasesRentExpenseContingentRentals,"Operating Leases, Rent Expense, Contingent Rentals",USD,2011-02-01,2012-01-31,109000000.0,0001193125-11-083157,2010.0,FY,10-K,2011-03-30,CY2011
C,831001,Citigroup Inc,SignificantChangeInUnrecognizedTaxBenefitsIsReasonablyPossibleAmountOfUnrecordedBenefit,"Significant Change in Unrecognized Tax Benefits is Reasonably Possible, Amount of Unrecorded Benefit",USD,,2012-03-31,56000000.0,0001206774-12-000799,2011.0,FY,10-K,2012-02-24,CY2012Q1I
WMT,104169,WALMART INC.,EffectiveIncomeTaxRateReconciliationRepatriationOfForeignEarnings,"Effective Income Tax Rate Reconciliation, Repatriation of Foreign Earnings, Percent",pure,2012-01-01,2012-12-31,-0.003,0001193125-12-134679,2011.0,FY,10-K,2012-03-27,CY2012
WMT,104169,WALMART INC.,EffectiveIncomeTaxRateReconciliationStateAndLocalIncomeTaxes,"Effective Income Tax Rate Reconciliation, State and Local Income Taxes, Percent",pure,2012-01-01,2012-12-31,0.02,0001193125-12-134679,2011.0,FY,10-K,2012-03-27,CY2012
WMT,104169,WALMART INC.,EffectiveIncomeTaxRateReconciliationOtherAdjustments,"Effective Income Tax Rate Reconciliation, Other Adjustments, Percent",pure,2012-01-01,2012-12-31,-0.013,0001193125-12-134679,2011.0,FY,10-K,2012-03-27,CY2012
WMT,104169,WALMART INC.,EffectiveIncomeTaxRateReconciliationAtFederalStatutoryIncomeTaxRate,"Effective Income Tax Rate Reconciliation, at Federal Statutory Income Tax Rate, Percent",pure,2012-01-01,2012-12-31,0.35,0001193125-12-134679,2011.0,FY,10-K,2012-03-27,CY2012
WMT,104169,WALMART INC.,EffectiveIncomeTaxRateReconciliationForeignIncomeTaxRateDifferential,"Effective Income Tax Rate Reconciliation, Foreign Income Tax Rate Differential, Percent",pure,2012-01-01,2012-12-31,-0.028,0001193125-12-134679,2011.0,FY,10-K,2012-03-27,CY2012
WMT,104169,WALMART INC.,EffectiveIncomeTaxRateContinuingOperations,"Effective Income Tax Rate Reconciliation, Percent",pure,2012-01-01,2012-12-31,0.326,0001193125-12-134679,2011.0,FY,10-K,2012-03-27,CY2012
WMT,104169,WALMART INC.,CashAndCashEquivalentsAtCarryingValue,"Cash and Cash Equivalents, at Carrying Value",USD,,2012-12-31,6600000000.0,0001193125-12-134679,2011.0,FY,10-K,2012-03-27,CY2012Q4I
HON,773840,Honeywell International Inc,LineOfCreditFacilityMaximumBorrowingCapacity,"Line of Credit Facility, Maximum Borrowing Capacity",USD,,2012-04-30,3500000000.0,0000930413-12-002323,2012.0,Q1,10-Q,2012-04-20,CY2012Q1I
HON,773840,Honeywell International Inc,LineOfCreditFacilityCurrentBorrowingCapacity,"Line of Credit Facility, Current Borrowing Capacity",USD,,2012-04-30,3000000000.0,0000930413-12-002323,2012.0,Q1,10-Q,2012-04-20,CY2012Q1I
HON,773840,Honeywell International Inc,LineOfCreditFacilityCommitmentFeePercentage,"Line of Credit Facility, Commitment Fee Percentage",pure,2012-04-01,2012-04-30,0.0008,0000930413-12-002323,2012.0,Q1,10-Q,2012-04-20,
MRK,310158,"Merck & Co., Inc.",ImpairmentOfIntangibleAssetsFinitelived,"Impairment of Intangible Assets, Finite-lived",USD,2013-07-01,2013-09-30,330000000.0,0000310158-13-000004,2013.0,Q2,10-Q,2013-08-07,CY2013Q3
NVDA,1045810,NVIDIA CORP,StockRepurchaseProgramRemainingAuthorizedRepurchaseAmount,"Stock Repurchase Program, Remaining Authorized Repurchase Amount (Deprecated 2014-01-31)",USD,2013-10-28,2014-01-26,1290000000.0,0001045810-13-000109,2013.0,Q3,10-Q,2013-11-19,CY2013Q4
NVDA,1045810,NVIDIA CORP,CommonStockDividendsPerShareDeclared,"Common Stock, Dividends, Per Share, Declared",USD/shares,2013-10-28,2014-01-26,0.085,0001045810-13-000109,2013.0,Q3,10-Q,2013-11-19,CY2013Q4
NVDA,1045810,NVIDIA CORP,StockRepurchasedDuringPeriodShares,"Stock Repurchased During Period, Shares",shares,2014-01-27,2014-04-27,20600000.0,0001045810-14-000030,2013.0,FY,10-K,2014-03-13,CY2014Q1
UPS,1090727,UNITED PARCEL SERVICE INC,StockRepurchaseProgramAuthorizedAmount1,"Stock Repurchase Program, Authorized Amount",USD,,2021-08-31,5000000000.0,0001090727-21-000036,2021.0,Q2,10-Q,2021-08-06,CY2021Q3I
MCD,63908,McDONALD’S CORPORATION,DividendsPayableAmountPerShare,"Dividends Payable, Amount Per Share",USD/shares,,2021-12-31,1.38,0000063908-21-000039,2021.0,Q3,10-Q,2021-11-02,CY2021Q4I
