ticker,concept,label,unit,start,end,val,previous_val,absolute_change,percentage_change,value_ratio,form,filed,group_observation_count,anomaly_tier
AAPL,CommonStockSharesAuthorized,"Common Stock, Shares Authorized",shares,,2014-03-29,1800000.0,1800000000.0,-1798200000.0,-0.999,0.001,10-Q,2014-04-24,70,high_priority
AAPL,CommonStockSharesAuthorized,"Common Stock, Shares Authorized",shares,,2014-06-28,12600000000.0,1800000.0,12598200000.0,6999.0,7000.0,10-Q,2014-07-23,70,high_priority
AAPL,CommonStockSharesIssued,"Common Stock, Shares, Issued",shares,,2014-03-29,861745.0,892447000.0,-891585255.0,-0.9990344020429225,0.0009655979570775631,10-Q,2014-04-24,70,high_priority
AAPL,CommonStockSharesIssued,"Common Stock, Shares, Issued",shares,,2014-06-28,5989171000.0,861745.0,5988309255.0,6949.050188860974,6950.050188860974,10-Q,2014-07-23,70,high_priority
AAPL,CommonStockSharesOutstanding,"Common Stock, Shares, Outstanding",shares,,2014-03-29,861745.0,892447000.0,-891585255.0,-0.9990344020429225,0.0009655979570775631,10-Q,2014-04-24,70,high_priority
AAPL,CommonStockSharesOutstanding,"Common Stock, Shares, Outstanding",shares,,2014-06-28,5989171000.0,861745.0,5988309255.0,6949.050188860974,6950.050188860974,10-Q,2014-07-23,70,high_priority
AAPL,IncreaseDecreaseInOtherOperatingLiabilities,Increase (Decrease) in Other Operating Liabilities,USD,2023-10-01,2024-06-29,2000000.0,-3437000000.0,3439000000.0,-1.0005819028222287,0.0005819028222286878,10-Q,2025-08-01,74,high_priority
AAPL,IncreaseDecreaseInOtherOperatingLiabilities,Increase (Decrease) in Other Operating Liabilities,USD,2023-10-01,2024-09-28,15552000000.0,2000000.0,15550000000.0,7775.0,7776.0,10-K,2025-10-31,74,high_priority
AAPL,ProceedsFromRepaymentsOfCommercialPaper,Proceeds from (Repayments of) Commercial Paper,USD,2017-10-01,2017-12-30,2000000.0,3852000000.0,-3850000000.0,-0.9994807892004154,0.0005192107995846313,10-Q,2019-01-30,54,high_priority
BAC,FairValueNetDerivativeAssetLiabilityMeasuredOnRecurringBasisUnobservableInputsReconciliationTransfersOutOfLevel3,"Fair Value, Net Derivative Asset (Liability) Measured on Recurring Basis, Unobservable Inputs Reconciliation, Transfers out of Level 3",USD,2023-01-01,2023-12-31,-2141000000.0,-1000000.0,-2140000000.0,2140.0,2141.0,10-K,2026-02-25,79,high_priority
BAC,HeldToMaturitySecuritiesDebtMaturitiesRollingAfterTenYearsFairValue,"Debt Securities, Held-to-maturity, Maturity, Allocated and Single Maturity Date, Rolling after 10 Years, Fair Value",USD,,2016-09-30,113028000000.0,95000000.0,112933000000.0,1188.7684210526315,1189.7684210526315,10-Q,2016-11-01,33,high_priority
BAC,HeldToMaturitySecuritiesDebtMaturitiesRollingYearTwoThroughFiveFairValue,"Debt Securities, Held-to-maturity, Maturity, Allocated and Single Maturity Date, Rolling after One Through Five Years, Fair Value",USD,,2014-12-31,19762000000.0,19000000.0,19743000000.0,1039.1052631578948,1040.1052631578948,10-K,2015-02-25,33,high_priority
BAC,HeldToMaturitySecuritiesDebtMaturitiesRollingYearTwoThroughFiveFairValue,"Debt Securities, Held-to-maturity, Maturity, Allocated and Single Maturity Date, Rolling after One Through Five Years, Fair Value",USD,,2016-09-30,16000000.0,84451000000.0,-84435000000.0,-0.999810541023789,0.0001894589762110573,10-Q,2016-11-01,33,high_priority
BAC,UnrecognizedTaxBenefitsDecreasesResultingFromSettlementsWithTaxingAuthorities,"Unrecognized Tax Benefits, Decrease Resulting from Settlements with Taxing Authorities",USD,2015-01-01,2015-12-31,1000000.0,1594000000.0,-1593000000.0,-0.9993726474278545,0.0006273525721455458,10-K,2018-02-22,18,high_priority
C,AccumulatedOtherComprehensiveIncomeLossDefinedBenefitPensionAndOtherPostretirementPlansNetOfTax,"Accumulated Other Comprehensive (Income) Loss, Defined Benefit Plan, after Tax",USD,,2017-12-31,3000000.0,5311000000.0,-5308000000.0,-0.9994351346262474,0.000564865373752589,10-K,2018-02-23,9,high_priority
C,CashProvidedByUsedInFinancingActivitiesDiscontinuedOperations,"Cash Provided by (Used in) Financing Activities, Discontinued Operations",USD,2009-01-01,2009-06-30,-9000000.0,-14287000000.0,14278000000.0,-0.9993700566948974,0.0006299433051025408,10-Q,2010-08-06,19,high_priority
C,CashProvidedByUsedInFinancingActivitiesDiscontinuedOperations,"Cash Provided by (Used in) Financing Activities, Discontinued Operations",USD,2010-01-01,2010-09-30,-5536000000.0,-3000000.0,-5533000000.0,1844.3333333333333,1845.3333333333333,10-Q,2011-11-04,19,high_priority
C,CommonStockSharesOutstanding,"Common Stock, Shares, Outstanding",shares,,2009-12-31,28483267000.0,22863947.0,28460403053.0,1244.7720882575525,1245.7720882575525,10-Q,2010-11-05,6,high_priority
C,DisposalGroupIncludingDiscontinuedOperationGrossProfitLoss,"Disposal Group, Including Discontinued Operation, Gross Profit (Loss)",USD,2012-01-01,2012-03-31,1000000.0,1374000000.0,-1373000000.0,-0.9992721979621543,0.000727802037845706,10-Q,2013-05-03,75,high_priority
C,FederalHomeLoanBankAdvancesMaturitiesSummaryDueWithinOneYearOfBalanceSheetDate,"Federal Home Loan Bank, Advance, Maturity, Year One",USD,,2021-09-30,1000000.0,2000000000.0,-1999000000.0,-0.9995,0.0005,10-Q,2021-11-08,46,high_priority
C,FinancingReceivableAllowanceForCreditLosses,"Financing Receivable, Allowance for Credit Loss",USD,,2017-12-31,12355000000.0,5000000.0,12350000000.0,2470.0,2471.0,10-K,2021-02-26,33,high_priority
C,FinancingReceivableAllowanceForCreditLosses,"Financing Receivable, Allowance for Credit Loss",USD,,2018-03-31,4000000.0,12355000000.0,-12351000000.0,-0.9996762444354512,0.0003237555645487657,10-Q,2018-05-01,33,high_priority
C,FinancingReceivableAllowanceForCreditLosses,"Financing Receivable, Allowance for Credit Loss",USD,,2018-12-31,12315000000.0,2000000.0,12313000000.0,6156.5,6157.5,10-K,2022-02-28,33,high_priority
C,GuaranteeObligationsCurrentCarryingValue,"Guarantor Obligations, Current Carrying Value",USD,,2011-06-30,1115800000000.0,1094700000.0,1114705300000.0,1018.2746871288938,1019.2746871288938,10-Q,2011-08-05,64,high_priority
C,NotesReceivableNet,"Financing Receivable, after Allowance for Credit Loss",USD,,2019-12-31,686700000000.0,421000000.0,686279000000.0,1630.1163895486936,1631.1163895486936,10-K,2021-02-26,14,high_priority
CAT,CashAndCashEquivalentsPeriodIncreaseDecrease,"Cash and Cash Equivalents, Period Increase (Decrease)",USD,2014-01-01,2014-09-30,1000000.0,1846000000.0,-1845000000.0,-0.9994582881906826,0.0005417118093174431,10-Q,2015-10-30,48,high_priority
CAT,CashAndCashEquivalentsPeriodIncreaseDecrease,"Cash and Cash Equivalents, Period Increase (Decrease)",USD,2014-01-01,2014-12-31,1260000000.0,1000000.0,1259000000.0,1259.0,1260.0,10-K,2017-02-15,48,high_priority
CAT,DividendsCommonStockCash,"Dividends, Common Stock, Cash",USD,2014-01-01,2014-03-31,1000000.0,1493000000.0,-1492000000.0,-0.999330207635633,0.0006697923643670462,10-Q,2015-05-01,65,high_priority
CAT,DividendsCommonStockCash,"Dividends, Common Stock, Cash",USD,2018-01-01,2018-03-31,1000000.0,1845000000.0,-1844000000.0,-0.9994579945799458,0.0005420054200542005,10-Q,2019-05-06,65,high_priority
CAT,DividendsCommonStockCash,"Dividends, Common Stock, Cash",USD,2021-07-01,2021-09-30,1000000.0,1176000000.0,-1175000000.0,-0.9991496598639455,0.0008503401360544217,10-Q,2022-11-02,65,high_priority
CAT,DividendsCommonStockCash,"Dividends, Common Stock, Cash",USD,2021-01-01,2021-09-30,1175000000.0,1000000.0,1174000000.0,1174.0,1175.0,10-Q,2022-11-02,65,high_priority
CAT,DividendsCommonStockCash,"Dividends, Common Stock, Cash",USD,2022-01-01,2022-03-31,1000000.0,2374000000.0,-2373000000.0,-0.9995787700084247,0.00042122999157540015,10-Q,2023-05-03,65,high_priority
CAT,DividendsCommonStockCash,"Dividends, Common Stock, Cash",USD,2022-04-01,2022-06-30,1230000000.0,1000000.0,1229000000.0,1229.0,1230.0,10-Q,2023-08-02,65,high_priority
COP,AssetImpairmentCharges,Asset Impairment Charges,USD,2009-01-01,2009-03-31,3000000.0,34625000000.0,-34622000000.0,-0.9999133574007221,8.664259927797834e-05,10-Q,2010-05-04,110,high_priority
COP,AssetImpairmentCharges,Asset Impairment Charges,USD,2017-07-01,2017-09-30,6000000.0,6294000000.0,-6288000000.0,-0.9990467111534795,0.0009532888465204957,10-Q,2018-10-30,110,high_priority
COP,AssetImpairmentCharges,Asset Impairment Charges,USD,2017-01-01,2017-09-30,6475000000.0,6000000.0,6469000000.0,1078.1666666666667,1079.1666666666667,10-Q,2018-10-30,110,high_priority
COP,DisposalGroupIncludingDiscontinuedOperationRevenue,"Disposal Group, Including Discontinued Operation, Revenue",USD,2012-07-01,2012-09-30,2000000.0,62107000000.0,-62105000000.0,-0.9999677975107476,3.220248925241921e-05,10-Q,2012-10-30,8,high_priority
COP,DisposalGroupIncludingDiscontinuedOperationRevenue,"Disposal Group, Including Discontinued Operation, Revenue",USD,2012-01-01,2012-09-30,62109000000.0,2000000.0,62107000000.0,31053.5,31054.5,10-Q,2012-10-30,8,high_priority
COP,OtherComprehensiveIncomeDerivativesQualifyingAsHedgesBeforeTaxPeriodIncreaseDecrease,"Other Comprehensive Income (Loss), Derivatives Qualifying as Hedges, before Tax (Deprecated 2012-01-31)",USD,2011-01-01,2011-03-31,1000000.0,1877000000.0,-1876000000.0,-0.9994672349493873,0.0005327650506126798,10-Q,2012-04-30,6,high_priority
COP,PaymentsForProceedsFromInvestments,Payments for (Proceeds from) Investments,USD,2019-01-01,2019-03-31,1000000.0,-1620000000.0,1621000000.0,-1.0006172839506173,0.0006172839506172839,10-Q,2020-05-05,32,high_priority
COP,ShareBasedCompensationArrangementByShareBasedPaymentAwardOptionsExpirationsInPeriod,"Share-based Compensation Arrangement by Share-based Payment Award, Options, Expirations in Period",shares,2014-01-01,2014-12-31,5.0,13139.0,-13134.0,-0.9996194535352767,0.0003805464647233427,10-K,2015-02-24,17,high_priority
COP,ShareBasedCompensationArrangementByShareBasedPaymentAwardOptionsExpirationsInPeriod,"Share-based Compensation Arrangement by Share-based Payment Award, Options, Expirations in Period",shares,2016-01-01,2016-12-31,571916.0,44.0,571872.0,12997.09090909091,12998.09090909091,10-K,2017-02-21,17,high_priority
COP,StockholdersEquityOther,"Stockholders' Equity, Other",USD,2015-01-01,2015-12-31,-3000000.0,-3981000000.0,3978000000.0,-0.9992464204973625,0.0007535795026375283,10-K,2018-02-20,78,high_priority
COP,TreasuryStockSharesAcquired,"Treasury Stock, Shares, Acquired",shares,2016-11-30,2019-12-31,189.0,66081361.0,-66081172.0,-0.999997139889416,2.860110583981465e-06,10-K,2021-02-16,8,high_priority
COP,TreasuryStockSharesAcquired,"Treasury Stock, Shares, Acquired",shares,2021-01-01,2021-12-31,247000000.0,189.0,246999811.0,1306877.306878307,1306878.306878307,10-K,2022-02-17,8,high_priority
COP,WeightedAverageNumberOfDilutedSharesOutstanding,"Weighted Average Number of Shares Outstanding, Diluted",shares,2008-04-01,2008-06-30,1555447.0,1645919000.0,-1644363553.0,-0.9990549674680225,0.0009450325319775761,10-Q,2009-08-04,113,high_priority
COP,WeightedAverageNumberOfDilutedSharesOutstanding,"Weighted Average Number of Shares Outstanding, Diluted",shares,2009-12-31,2010-12-31,1491067.0,1493080000.0,-1491588933.0,-0.9990013482197873,0.0009986517802127147,10-K,2013-02-19,113,high_priority
COP,WeightedAverageNumberOfDilutedSharesOutstanding,"Weighted Average Number of Shares Outstanding, Diluted",shares,2011-01-01,2011-09-30,1408846.0,1428760000.0,-1427351154.0,-0.9990139379601892,0.000986062039810745,10-Q,2012-10-30,113,high_priority
COP,WeightedAverageNumberOfDilutedSharesOutstanding,"Weighted Average Number of Shares Outstanding, Diluted",shares,2016-04-01,2016-06-30,1244892000.0,1244724.0,1243647276.0,999.1349696800255,1000.1349696800255,10-Q,2017-08-01,113,high_priority
COP,WeightedAverageNumberOfDilutedSharesOutstanding,"Weighted Average Number of Shares Outstanding, Diluted",shares,2016-07-01,2016-09-30,1245961000.0,1245139.0,1244715861.0,999.6601672584346,1000.6601672584346,10-Q,2017-10-31,113,high_priority
COP,WeightedAverageNumberOfDilutedSharesOutstanding,"Weighted Average Number of Shares Outstanding, Diluted",shares,2016-01-01,2016-12-31,1245440.0,1245961000.0,-1244715560.0,-0.9990004181511299,0.000999581848870069,10-K,2019-02-19,113,high_priority
COP,WeightedAverageNumberOfDilutedSharesOutstanding,"Weighted Average Number of Shares Outstanding, Diluted",shares,2019-01-01,2019-12-31,1123536.0,1131034000.0,-1129910464.0,-0.9990066293320979,0.0009933706679021144,10-K,2022-02-17,113,high_priority
COP,WeightedAverageNumberOfSharesOutstandingBasic,"Weighted Average Number of Shares Outstanding, Basic",shares,2008-01-01,2008-06-30,1548587.0,1623994000.0,-1622445413.0,-0.9990464330533241,0.0009535669466759114,10-Q,2009-08-04,113,high_priority
COP,WeightedAverageNumberOfSharesOutstandingBasic,"Weighted Average Number of Shares Outstanding, Basic",shares,2008-01-01,2008-09-30,1535932000.0,1534975.0,1534397025.0,999.623462922849,1000.623462922849,10-Q,2009-11-03,113,high_priority
COP,WeightedAverageNumberOfSharesOutstandingBasic,"Weighted Average Number of Shares Outstanding, Basic",shares,2009-12-31,2010-12-31,1479330.0,1481522000.0,-1480042670.0,-0.999001479559534,0.0009985204404659533,10-K,2013-02-19,113,high_priority
COP,WeightedAverageNumberOfSharesOutstandingBasic,"Weighted Average Number of Shares Outstanding, Basic",shares,2011-01-01,2011-09-30,1396216.0,1399473000.0,-1398076784.0,-0.9990023273046353,0.0009976726953646123,10-Q,2012-10-30,113,high_priority
COP,WeightedAverageNumberOfSharesOutstandingBasic,"Weighted Average Number of Shares Outstanding, Basic",shares,2016-04-01,2016-06-30,1244892000.0,1244557.0,1243647443.0,999.2691720829179,1000.2691720829179,10-Q,2017-08-01,113,high_priority
COP,WeightedAverageNumberOfSharesOutstandingBasic,"Weighted Average Number of Shares Outstanding, Basic",shares,2016-01-01,2016-06-30,1244724.0,1244892000.0,-1243647276.0,-0.9990001349514657,0.0009998650485343306,10-Q,2017-08-01,113,high_priority
COP,WeightedAverageNumberOfSharesOutstandingBasic,"Weighted Average Number of Shares Outstanding, Basic",shares,2016-07-01,2016-09-30,1245961000.0,1245139.0,1244715861.0,999.6601672584346,1000.6601672584346,10-Q,2017-10-31,113,high_priority
COP,WeightedAverageNumberOfSharesOutstandingBasic,"Weighted Average Number of Shares Outstanding, Basic",shares,2016-01-01,2016-12-31,1245440.0,1245961000.0,-1244715560.0,-0.9990004181511299,0.000999581848870069,10-K,2019-02-19,113,high_priority
COST,LongTermDebtMaturitiesRepaymentsOfPrincipalInYearThree,"Long-Term Debt, Maturity, Year Three",USD,,2013-09-01,1301000000.0,1000000.0,1300000000.0,1300.0,1301.0,10-K,2013-10-16,16,high_priority
COST,RepaymentsOfLongTermDebt,Repayments of Long-term Debt,USD,2015-08-31,2016-02-14,1200000000.0,1000000.0,1199000000.0,1199.0,1200.0,10-Q,2017-03-09,54,high_priority
CVX,IncreaseDecreaseInAccruedIncomeTaxesPayable,Increase (Decrease) in Income Taxes Payable,USD,2024-01-01,2024-03-31,-1000000.0,-2801000000.0,2800000000.0,-0.9996429846483399,0.0003570153516601214,10-Q,2025-05-08,70,high_priority
CVX,IncreaseDecreaseInAccruedIncomeTaxesPayable,Increase (Decrease) in Income Taxes Payable,USD,2024-01-01,2024-06-30,-1245000000.0,-1000000.0,-1244000000.0,1244.0,1245.0,10-Q,2025-08-07,70,high_priority
CVX,PaymentsForRepurchaseOfCommonStock,Payments for Repurchase of Common Stock,USD,2015-01-01,2015-03-31,1000000.0,5006000000.0,-5005000000.0,-0.9998002397123452,0.00019976028765481422,10-Q,2016-05-05,66,high_priority
CVX,ShareBasedCompensationArrangementByShareBasedPaymentAwardNumberOfSharesAvailableForGrant,"Share-based Compensation Arrangement by Share-based Payment Award, Number of Shares Available for Grant",shares,,2015-12-31,120753.0,143000000.0,-142879247.0,-0.9991555734265735,0.0008444265734265734,10-K,2016-02-25,15,high_priority
CVX,SharesIssued,"Shares, Issued",shares,,2018-03-31,2442676580000.0,2442676580.0,2440233903420.0,999.0,1000.0,10-Q,2019-08-07,20,high_priority
CVX,SharesIssued,"Shares, Issued",shares,,2018-12-31,2442676580.0,2442676580000.0,-2440233903420.0,-0.999,0.001,10-K,2022-02-24,20,high_priority
CVX,SharesOutstanding,"Shares, Outstanding",shares,,2018-03-31,1910956734000.0,1904701885.0,1909052032115.0,1002.2838992018953,1003.2838992018953,10-Q,2019-08-07,20,high_priority
CVX,SharesOutstanding,"Shares, Outstanding",shares,,2018-12-31,1902837690.0,1910774369000.0,-1908871531310.0,-0.9990041536453119,0.0009958463546880453,10-K,2022-02-24,20,high_priority
CVX,StockIssuedDuringPeriodSharesTreasuryStockReissued,"Stock Issued During Period, Shares, Treasury Stock Reissued",shares,2020-01-01,2020-12-31,60595673.0,57836.0,60537837.0,1046.715488623003,1047.715488623003,10-K,2022-02-24,27,high_priority
CVX,TreasuryStockSharesAcquired,"Treasury Stock, Shares, Acquired",shares,2016-01-01,2016-12-31,20000.0,35100000.0,-35080000.0,-0.9994301994301994,0.0005698005698005698,10-K,2019-02-22,33,high_priority
CVX,TreasuryStockSharesAcquired,"Treasury Stock, Shares, Acquired",shares,2020-04-01,2020-06-30,224.0,17501102.0,-17500878.0,-0.9999872008059836,1.2799194016468221e-05,10-Q,2021-08-05,33,high_priority
CVX,TreasuryStockSharesAcquired,"Treasury Stock, Shares, Acquired",shares,2020-01-01,2020-06-30,17501326.0,224.0,17501102.0,78129.91964285714,78130.91964285714,10-Q,2021-08-05,33,high_priority
CVX,TreasuryStockSharesAcquired,"Treasury Stock, Shares, Acquired",shares,2020-07-01,2020-09-30,2220.0,17501326.0,-17499106.0,-0.9998731524685616,0.00012684753143847501,10-Q,2021-11-04,33,high_priority
CVX,TreasuryStockSharesAcquired,"Treasury Stock, Shares, Acquired",shares,2020-01-01,2020-09-30,17503545.0,2220.0,17501325.0,7883.47972972973,7884.47972972973,10-Q,2021-11-04,33,high_priority
CVX,TreasuryStockValueAcquiredCostMethod,"Treasury Stock, Value, Acquired, Cost Method",USD,2016-01-01,2016-12-31,2000000.0,3700000000.0,-3698000000.0,-0.9994594594594595,0.0005405405405405405,10-K,2019-02-22,59,high_priority
DIS,DefinedBenefitPlanPensionPlansWithAccumulatedBenefitObligationsInExcessOfPlanAssetsAggregateFairValueOfPlanAssets,"Defined Benefit Plan, Plan with Accumulated Benefit Obligation in Excess of Plan Assets, Plan Assets",USD,,2019-09-28,13900000000.0,3000000.0,13897000000.0,4632.333333333333,4633.333333333333,10-K,2020-11-25,4,high_priority
DIS,GainLossOnSaleOfInvestments,Gain (Loss) on Sale of Investments,USD,2019-09-29,2019-12-28,-3000000.0,4733000000.0,-4736000000.0,-1.0006338474540462,0.0006338474540460595,10-Q,2021-02-11,22,high_priority
DIS,GoodwillAcquiredDuringPeriod,"Goodwill, Acquired During Period",USD,2019-09-29,2019-12-28,27000000.0,49085000000.0,-49058000000.0,-0.9994499337883264,0.0005500662116736274,10-Q,2020-02-04,9,high_priority
DIS,OtherComprehensiveIncomeLossBeforeReclassificationsBeforeTax,"Other Comprehensive Income (Loss), before Reclassifications, before Tax",USD,2019-09-29,2019-12-28,1000000.0,-3680000000.0,3681000000.0,-1.0002717391304348,0.0002717391304347826,10-Q,2021-02-11,53,high_priority
DIS,OtherComprehensiveIncomeLossPensionAndOtherPostretirementBenefitPlansAdjustmentNetOfTax,"Other Comprehensive (Income) Loss, Defined Benefit Plan, after Reclassification Adjustment, after Tax",USD,2022-10-02,2022-12-31,-1000000.0,-2503000000.0,2502000000.0,-0.9996004794246903,0.00039952057530962844,10-Q,2024-02-07,53,high_priority
DIS,OtherComprehensiveIncomeLossPensionAndOtherPostretirementBenefitPlansAdjustmentNetOfTax,"Other Comprehensive (Income) Loss, Defined Benefit Plan, after Reclassification Adjustment, after Tax",USD,2022-10-02,2023-09-30,-1214000000.0,-1000000.0,-1213000000.0,1213.0,1214.0,10-K,2025-11-13,53,high_priority
DIS,ProceedsFromIssuanceOfLongTermDebt,Proceeds from Issuance of Long-term Debt,USD,2020-10-04,2021-01-02,1000000.0,18120000000.0,-18119000000.0,-0.9999448123620309,5.518763796909492e-05,10-Q,2022-02-09,35,high_priority
GE,AntidilutiveSecuritiesExcludedFromComputationOfEarningsPerShareAmount,"Antidilutive Securities Excluded from Computation of Earnings Per Share, Amount",shares,2012-01-01,2012-12-31,292.0,290000000.0,-289999708.0,-0.9999989931034483,1.006896551724138e-06,10-K,2015-02-27,105,high_priority
GE,AntidilutiveSecuritiesExcludedFromComputationOfEarningsPerShareAmount,"Antidilutive Securities Excluded from Computation of Earnings Per Share, Amount",shares,2013-01-01,2013-03-31,190000000.0,292.0,189999708.0,650683.9315068494,650684.9315068494,10-Q,2014-05-12,105,high_priority
GE,AntidilutiveSecuritiesExcludedFromComputationOfEarningsPerShareAmount,"Antidilutive Securities Excluded from Computation of Earnings Per Share, Amount",shares,2014-01-01,2014-03-31,72.0,121000000.0,-120999928.0,-0.9999994049586777,5.950413223140496e-07,10-Q,2015-05-04,105,high_priority
GE,AntidilutiveSecuritiesExcludedFromComputationOfEarningsPerShareAmount,"Antidilutive Securities Excluded from Computation of Earnings Per Share, Amount",shares,2014-04-01,2014-06-30,70000000.0,72.0,69999928.0,972221.2222222222,972222.2222222222,10-Q,2015-07-30,105,high_priority
GE,CashProvidedByUsedInInvestingActivitiesDiscontinuedOperations,"Cash Provided by (Used in) Investing Activities, Discontinued Operations",USD,2013-01-01,2013-12-31,-15042000000.0,-13000000.0,-15029000000.0,1156.076923076923,1157.076923076923,10-K,2016-02-26,74,high_priority
GE,CommonStockSharesAuthorized,"Common Stock, Shares Authorized",shares,,2015-03-31,13200000000000.0,13200000000.0,13186800000000.0,999.0,1000.0,10-Q,2015-05-04,31,high_priority
GE,CommonStockSharesAuthorized,"Common Stock, Shares Authorized",shares,,2015-06-30,13200000000.0,13200000000000.0,-13186800000000.0,-0.999,0.001,10-Q,2015-07-30,31,high_priority
GE,DiscontinuedOperationGainLossFromDisposalOfDiscontinuedOperationBeforeIncomeTax,"Discontinued Operation, Gain (Loss) from Disposal of Discontinued Operation, before Income Tax",USD,2020-01-01,2020-03-31,-4000000.0,-5183000000.0,5179000000.0,-0.9992282461894656,0.0007717538105344395,10-Q,2020-04-29,34,high_priority
GE,DiscontinuedOperationGainLossOnDisposalOfDiscontinuedOperationNetOfTax,"Discontinued Operation, Gain (Loss) on Disposal of Discontinued Operation, Net of Tax",USD,2019-04-01,2019-06-30,-1000000.0,2553000000.0,-2554000000.0,-1.00039169604387,0.0003916960438699569,10-Q,2020-07-29,34,high_priority
GE,DiscontinuedOperationGainLossOnDisposalOfDiscontinuedOperationNetOfTax,"Discontinued Operation, Gain (Loss) on Disposal of Discontinued Operation, Net of Tax",USD,2019-07-01,2019-09-30,-8201000000.0,-1000000.0,-8200000000.0,8200.0,8201.0,10-Q,2020-10-28,34,high_priority
GE,DiscontinuedOperationGainLossOnDisposalOfDiscontinuedOperationNetOfTax,"Discontinued Operation, Gain (Loss) on Disposal of Discontinued Operation, Net of Tax",USD,2020-01-01,2020-03-31,-4000000.0,-5675000000.0,5671000000.0,-0.999295154185022,0.0007048458149779736,10-Q,2020-04-29,34,high_priority
GE,DiscontinuedOperationIncomeLossFromDiscontinuedOperationDuringPhaseOutPeriodNetOfTax,"Discontinued Operation, Income (Loss) from Discontinued Operation During Phase-out Period, Net of Tax",USD,2014-01-01,2014-03-31,-7000000.0,7257000000.0,-7264000000.0,-1.0009645859170455,0.0009645859170456111,10-Q,2014-05-12,33,high_priority
GE,DisposalGroupIncludingDiscontinuedOperationAccountsNotesAndLoansReceivableNet,"Disposal Group, Including Discontinued Operation, Accounts, Notes and Loans Receivable, Net",USD,,2014-12-31,213514000000.0,1000000.0,213513000000.0,213513.0,213514.0,10-K,2016-02-26,20,high_priority
GE,DisposalGroupIncludingDiscontinuedOperationRevenue,"Disposal Group, Including Discontinued Operation, Revenue",USD,2014-01-01,2014-03-31,29000000.0,32987000000.0,-32958000000.0,-0.9991208657956164,0.0008791342043835451,10-Q,2014-05-12,38,high_priority
GE,EffectiveIncomeTaxRateContinuingOperations,"Effective Income Tax Rate Reconciliation, Percent",pure,2019-01-01,2019-12-31,-10.222,0.002,-10.224,-5112.0,5111.0,10-K,2022-02-11,49,high_priority
GE,EffectiveIncomeTaxRateContinuingOperations,"Effective Income Tax Rate Reconciliation, Percent",pure,2020-01-01,2020-03-31,0.009,-10.222,10.231,-1.0008804539229115,0.0008804539229113676,10-Q,2021-04-27,49,high_priority
GE,GainLossOnDispositionOfAssets1,Gain (Loss) on Disposition of Assets,USD,2020-01-01,2020-12-31,12468000000.0,3000000.0,12465000000.0,4155.0,4156.0,10-K,2023-02-10,34,high_priority
GE,GainLossOnDispositionOfAssets1,Gain (Loss) on Disposition of Assets,USD,2021-01-01,2021-03-31,3000000.0,12468000000.0,-12465000000.0,-0.9997593840230992,0.00024061597690086623,10-Q,2022-04-26,34,high_priority
GE,GainLossOnSaleOfBusiness,Gain (Loss) on Disposition of Business,USD,2021-01-01,2021-03-31,3000000.0,12469000000.0,-12466000000.0,-0.9997594033202342,0.00024059667976581922,10-Q,2022-04-26,21,high_priority
GE,OtherComprehensiveIncomeLossForeignCurrencyTransactionAndTranslationAdjustmentNetOfTax,"Other Comprehensive Income (Loss), Foreign Currency Transaction and Translation Adjustment, Net of Tax",USD,2016-01-01,2016-03-31,1000000.0,-3137000000.0,3138000000.0,-1.0003187759005419,0.000318775900541919,10-Q,2017-05-05,91,high_priority
GE,PreferredStockSharesAuthorized,"Preferred Stock, Shares Authorized",shares,,2013-12-31,50.0,50000000.0,-49999950.0,-0.999999,1e-06,10-K,2015-02-27,7,high_priority
GE,PreferredStockSharesAuthorized,"Preferred Stock, Shares Authorized",shares,,2021-12-31,50000000.0,50.0,49999950.0,999999.0,1000000.0,10-K,2022-02-11,7,high_priority
GE,StockRepurchasedDuringPeriodShares,"Stock Repurchased During Period, Shares",shares,2012-01-01,2012-12-31,248.6,111300000.0,-111299751.4,-0.9999977663971249,2.233602875112309e-06,10-K,2015-02-27,28,high_priority
GE,StockRepurchasedDuringPeriodShares,"Stock Repurchased During Period, Shares",shares,2013-01-01,2013-12-31,432600000.0,248.6,432599751.4,1740143.810941271,1740144.8109412713,10-K,2016-02-26,28,high_priority
GE,StockRepurchasedDuringPeriodShares,"Stock Repurchased During Period, Shares",shares,2020-01-01,2020-12-31,100000.0,725800000.0,-725700000.0,-0.99986222099752,0.00013777900248002206,10-K,2022-02-11,28,high_priority
GE,StockRepurchasedDuringPeriodValue,"Stock Repurchased During Period, Value",USD,2020-01-01,2020-12-31,15300000.0,22005000000.0,-21989700000.0,-0.9993047034764826,0.0006952965235173824,10-K,2022-02-11,25,high_priority
GE,UndistributedEarningsOfForeignSubsidiaries,Undistributed Earnings of Foreign Subsidiaries,USD,,2014-12-31,119000000000.0,110000000.0,118890000000.0,1080.8181818181818,1081.8181818181818,10-K,2017-02-24,12,high_priority
GOOGL,LongTermDebtMaturitiesRepaymentsOfPrincipalInYearThree,"Long-Term Debt, Maturity, Year Three",USD,,2018-12-31,1003000000.0,1000000.0,1002000000.0,1002.0,1003.0,10-K,2019-02-05,11,high_priority
GS,OtherComprehensiveIncomeLossFinancialLiabilityFairValueOptionAfterTaxAndReclassificationAdjustment,"Other Comprehensive Income (Loss), Financial Liability, Fair Value Option, after Tax and Reclassification Adjustment",USD,2023-01-01,2023-03-31,-1000000.0,1403000000.0,-1404000000.0,-1.000712758374911,0.0007127583749109052,10-Q,2024-05-03,23,high_priority
GS,PaymentsForRepurchaseOfCommonStock,Payments for Repurchase of Common Stock,USD,2008-11-29,2008-12-26,1000000.0,2034000000.0,-2033000000.0,-0.9995083579154376,0.0004916420845624386,10-K,2010-03-01,86,high_priority
GS,PaymentsForRepurchaseOfCommonStock,Payments for Repurchase of Common Stock,USD,2010-01-01,2010-03-31,2269000000.0,2000000.0,2267000000.0,1133.5,1134.5,10-Q,2011-05-10,86,high_priority
GS,PaymentsForRepurchaseOfTrustPreferredSecurities,Payments for Repurchase of Trust Preferred Securities,USD,2015-01-01,2015-03-31,1000000.0,1611000000.0,-1610000000.0,-0.9993792675356921,0.0006207324643078833,10-Q,2016-05-06,25,high_priority
GS,PaymentsToAcquireHeldToMaturitySecurities,Payments to Acquire Held-to-maturity Securities,USD,2022-01-01,2022-12-31,50099000000.0,28000000.0,50071000000.0,1788.25,1789.25,10-K,2025-02-27,16,high_priority
GS,ProceedsFromSaleOfAvailableForSaleSecuritiesDebt,"Proceeds from Sale of Debt Securities, Available-for-sale",USD,2023-01-01,2023-03-31,2452000000.0,2000000.0,2450000000.0,1225.0,1226.0,10-Q,2024-05-03,22,high_priority
GS,ShareBasedCompensationArrangementByShareBasedPaymentAwardOptionsExercisableNumber,"Share-based Compensation Arrangement by Share-based Payment Award, Options, Exercisable, Number",shares,,2014-12-31,19955338000000.0,42565241.0,19955295434759.0,468816.690941771,468817.690941771,10-K,2015-02-23,6,high_priority
GS,ShareBasedCompensationArrangementByShareBasedPaymentAwardOptionsExercisableNumber,"Share-based Compensation Arrangement by Share-based Payment Award, Options, Exercisable, Number",shares,,2015-12-31,14756275.0,19955338000000.0,-19955323243725.0,-0.9999992605349506,7.394650494018192e-07,10-K,2016-02-22,6,high_priority
GS,ShareBasedCompensationArrangementByShareBasedPaymentAwardOptionsOutstandingNumber,"Share-based Compensation Arrangement by Share-based Payment Award, Options, Outstanding, Number",shares,,2013-12-31,42565241000000.0,43217111.0,42565197782889.0,984915.391102589,984916.391102589,10-K,2015-02-23,11,high_priority
GS,ShareBasedCompensationArrangementByShareBasedPaymentAwardOptionsOutstandingNumber,"Share-based Compensation Arrangement by Share-based Payment Award, Options, Outstanding, Number",shares,,2014-12-31,19955338.0,42565241000000.0,-42565221044662.0,-0.9999995311823091,4.68817690941771e-07,10-K,2016-02-22,11,high_priority
GS,StockIssuedDuringPeriodSharesStockOptionsExercised,"Share-based Compensation Arrangement by Share-based Payment Award, Options, Exercises in Period",shares,2014-01-01,2014-12-31,22609903000000.0,579066.0,22609902420934.0,39045467.04682022,39045468.04682022,10-K,2015-02-23,10,high_priority
GS,StockIssuedDuringPeriodSharesStockOptionsExercised,"Share-based Compensation Arrangement by Share-based Payment Award, Options, Exercises in Period",shares,2015-01-01,2015-12-31,-5199063.0,22609903000000.0,-22609908199063.0,-1.0000002299462762,2.2994627619587754e-07,10-K,2016-02-22,10,high_priority
GS,StockIssuedDuringPeriodSharesStockOptionsExercised,"Share-based Compensation Arrangement by Share-based Payment Award, Options, Exercises in Period",shares,2018-01-01,2018-12-31,2.1,5860000.0,-5859997.9,-0.9999996416382253,3.583617747440273e-07,10-K,2020-02-21,10,high_priority
GS,TreasuryStockValueAcquiredCostMethod,"Treasury Stock, Value, Acquired, Cost Method",USD,2010-01-01,2010-09-30,-3070000000.0,-2000000.0,-3068000000.0,1534.0,1535.0,10-Q,2010-11-09,99,high_priority
HD,ProceedsFromSaleAndMaturityOfAvailableForSaleSecurities,"Proceeds from Sale and Maturity of Debt Securities, Available-for-sale",USD,2008-02-04,2008-08-03,2000000.0,10899000000.0,-10897000000.0,-0.9998164969263235,0.00018350307367648408,10-Q,2009-09-03,8,high_priority
HD,StockIssuedDuringPeriodSharesEmployeeStockPurchasePlans,"Stock Issued During Period, Shares, Employee Stock Purchase Plans",shares,2021-02-01,2022-01-30,1000000000000.0,1000000.0,999999000000.0,999999.0,1000000.0,10-K,2022-03-23,15,high_priority
HD,StockIssuedDuringPeriodSharesEmployeeStockPurchasePlans,"Stock Issued During Period, Shares, Employee Stock Purchase Plans",shares,2022-01-31,2023-01-29,1000000.0,1000000000000.0,-999999000000.0,-0.999999,1e-06,10-K,2023-03-15,15,high_priority
HON,AntidilutiveSecuritiesExcludedFromComputationOfEarningsPerShareAmount,"Antidilutive Securities Excluded from Computation of Earnings Per Share, Amount",shares,2009-07-01,2009-09-30,29800000.0,17.8,29799982.2,1674156.3033707864,1674157.3033707864,10-Q,2010-10-22,100,high_priority
HON,EmployeeStockOwnershipPlanESOPSharesContributedToESOP,"Employee Stock Ownership Plan (ESOP), Shares Contributed to ESOP",shares,2009-01-01,2009-12-31,4800000.0,4.9,4799995.1,979590.8367346937,979591.8367346938,10-K,2012-02-17,6,high_priority
HON,LongTermDebtMaturitiesRepaymentsOfPrincipalInYearFive,"Long-Term Debt, Maturity, Year Five",USD,,2016-12-31,2312000000.0,2000000.0,2310000000.0,1155.0,1156.0,10-K,2017-02-10,29,high_priority
HON,PaymentsToAcquireBusinessesNetOfCashAcquired,"Payments to Acquire Businesses, Net of Cash Acquired",USD,2015-01-01,2015-12-31,5228000000.0,4000000.0,5224000000.0,1306.0,1307.0,10-K,2018-02-09,33,high_priority
HON,PaymentsToAcquireBusinessesNetOfCashAcquired,"Payments to Acquire Businesses, Net of Cash Acquired",USD,2025-01-01,2025-03-31,5000000.0,8880000000.0,-8875000000.0,-0.9994369369369369,0.0005630630630630631,10-Q,2026-04-23,33,high_priority
HON,PensionAndOtherPostretirementBenefitExpense,Pension and Other Postretirement Benefits Cost (Reversal of Cost),USD,2013-01-01,2013-03-31,1000000.0,1065000000.0,-1064000000.0,-0.9990610328638497,0.0009389671361502347,10-Q,2014-04-17,43,high_priority
HON,ProceedsFromIssuanceOfLongTermDebtAndCapitalSecuritiesNet,"Proceeds from Issuance of Long-term Debt and Capital Securities, Net",USD,2022-01-01,2022-03-31,1000000.0,2517000000.0,-2516000000.0,-0.9996027016289233,0.0003972983710766786,10-Q,2023-04-27,72,high_priority
HON,ProceedsFromIssuanceOfLongTermDebtAndCapitalSecuritiesNet,"Proceeds from Issuance of Long-term Debt and Capital Securities, Net",USD,2022-01-01,2022-12-31,2953000000.0,2000000.0,2951000000.0,1475.5,1476.5,10-K,2025-02-14,72,high_priority
HON,RestructuringAndRelatedCostNumberOfPositionsEliminated,"Restructuring and Related Cost, Number of Positions Eliminated",employee,2022-01-01,2022-09-30,2940000000.0,1664.0,2939998336.0,1766825.923076923,1766826.923076923,10-Q,2022-10-27,29,high_priority
HON,RestructuringAndRelatedCostNumberOfPositionsEliminated,"Restructuring and Related Cost, Number of Positions Eliminated",employee,2022-07-01,2022-09-30,1276.0,2940000000.0,-2939998724.0,-0.9999995659863946,4.340136054421769e-07,10-Q,2022-10-27,29,high_priority
HON,RestructuringAndRelatedCostNumberOfPositionsEliminated,"Restructuring and Related Cost, Number of Positions Eliminated",employee,2023-01-01,2023-06-30,2561000000.0,764.0,2560999236.0,3352093.2408376965,3352094.2408376965,10-Q,2023-07-27,29,high_priority
HON,RestructuringAndRelatedCostNumberOfPositionsEliminated,"Restructuring and Related Cost, Number of Positions Eliminated",employee,2023-01-01,2023-12-31,5854.0,2561000000.0,-2560994146.0,-0.9999977141741507,2.285825849277626e-06,10-K,2025-02-14,29,high_priority
HON,ShortTermBorrowings,Short-term Debt,USD,,2015-12-31,5937000000.0,4000000.0,5933000000.0,1483.25,1484.25,10-K,2017-02-10,57,high_priority
JNJ,AntidilutiveSecuritiesExcludedFromComputationOfEarningsPerShareAmount,"Antidilutive Securities Excluded from Computation of Earnings Per Share, Amount",shares,2024-12-30,2025-03-30,60900000.0,54.1,60899945.9,1125692.1608133086,1125693.1608133086,10-Q,2026-04-22,76,high_priority
JNJ,OtherComprehensiveIncomeLossNetOfTax,"Other Comprehensive Income (Loss), Net of Tax",USD,2025-03-31,2025-06-29,-2565000000.0,1000000.0,-2566000000.0,-2566.0,2565.0,10-Q,2026-07-23,89,high_priority
JNJ,ProceedsFromIssuanceOfLongTermDebt,Proceeds from Issuance of Long-term Debt,USD,2012-01-02,2012-04-01,2000000.0,4470000000.0,-4468000000.0,-0.9995525727069351,0.00044742729306487697,10-Q,2013-05-03,74,high_priority
JNJ,ProceedsFromIssuanceOfLongTermDebt,Proceeds from Issuance of Long-term Debt,USD,2018-01-01,2018-04-01,2000000.0,8992000000.0,-8990000000.0,-0.9997775800711743,0.00022241992882562276,10-Q,2019-05-01,74,high_priority
JNJ,ProceedsFromIssuanceOfLongTermDebt,Proceeds from Issuance of Long-term Debt,USD,2019-12-30,2020-09-27,7431000000.0,1000000.0,7430000000.0,7430.0,7431.0,10-Q,2021-10-29,74,high_priority
JNJ,ProceedsFromIssuanceOfLongTermDebt,Proceeds from Issuance of Long-term Debt,USD,2021-01-04,2021-04-04,1000000.0,7431000000.0,-7430000000.0,-0.9998654286098776,0.00013457139012245997,10-Q,2022-04-29,74,high_priority
JNJ,ProceedsFromIssuanceOfLongTermDebt,Proceeds from Issuance of Long-term Debt,USD,2023-01-02,2023-04-02,7674000000.0,2000000.0,7672000000.0,3836.0,3837.0,10-Q,2024-05-01,74,high_priority
JNJ,ProceedsFromIssuanceOfLongTermDebt,Proceeds from Issuance of Long-term Debt,USD,2024-01-01,2024-06-30,6659000000.0,2000000.0,6657000000.0,3328.5,3329.5,10-Q,2025-07-24,74,high_priority
JNJ,RepaymentsOfLongTermDebt,Repayments of Long-term Debt,USD,2012-12-31,2013-06-30,1504000000.0,1000000.0,1503000000.0,1503.0,1504.0,10-Q,2014-08-01,67,high_priority
JNJ,RepaymentsOfLongTermDebt,Repayments of Long-term Debt,USD,2017-01-02,2017-04-02,2000000.0,2223000000.0,-2221000000.0,-0.9991003148897886,0.000899685110211426,10-Q,2018-05-01,67,high_priority
JNJ,RepaymentsOfLongTermDebt,Repayments of Long-term Debt,USD,2024-01-01,2024-03-31,1000000.0,1551000000.0,-1550000000.0,-0.9993552546744036,0.0006447453255963894,10-Q,2024-05-01,67,high_priority
JNJ,RepaymentsOfLongTermDebt,Repayments of Long-term Debt,USD,2024-01-01,2024-12-29,1453000000.0,1000000.0,1452000000.0,1452.0,1453.0,10-K,2026-02-11,67,high_priority
JNJ,ShareBasedCompensationArrangementByShareBasedPaymentAwardOptionsForfeituresInPeriod,"Share-based Compensation Arrangement by Share-based Payment Award, Options, Forfeitures in Period",shares,2010-01-04,2011-01-02,8005000.0,6131.0,7998869.0,1304.6597618659273,1305.6597618659273,10-K,2013-02-22,18,high_priority
JNJ,ShareBasedCompensationArrangementByShareBasedPaymentAwardOptionsGrantsInPeriod,"Share-based Compensation Arrangement by Share-based Payment Award, Options, Grants in Period, Net of Forfeitures",shares,2008-12-29,2010-01-03,21576.0,22428000.0,-22406424.0,-0.9990379882289995,0.000962011771000535,10-K,2012-02-23,18,high_priority
JNJ,ShareBasedCompensationArrangementByShareBasedPaymentAwardOptionsOutstandingNumber,"Share-based Compensation Arrangement by Share-based Payment Award, Options, Outstanding, Number",shares,,2008-12-28,215499.0,228629000.0,-228413501.0,-0.9990574292849989,0.0009425707150011591,10-K,2012-02-23,19,high_priority
JNJ,ShareBasedCompensationSharesAuthorizedUnderStockOptionPlansExercisePriceRangeNumberOfExercisableOptions,"Share-based Payment Arrangement, Option, Exercise Price Range, Shares Exercisable",shares,,2012-01-01,138126.0,141275000.0,-141136874.0,-0.9990222898602017,0.0009777101397982658,10-K,2012-02-23,16,high_priority
JNJ,ShareBasedCompensationSharesAuthorizedUnderStockOptionPlansExercisePriceRangeNumberOfOutstandingOptions,"Share-based Payment Arrangement, Option, Exercise Price Range, Shares Outstanding",shares,,2012-01-01,179459.0,193690000.0,-193510541.0,-0.9990734730755331,0.0009265269244669317,10-K,2012-02-23,16,high_priority
JNJ,StockIssuedDuringPeriodSharesStockOptionsExercised,"Share-based Compensation Arrangement by Share-based Payment Award, Options, Exercises in Period",shares,2010-01-04,2011-01-02,25020000.0,18225.0,25001775.0,1371.8395061728395,1372.8395061728395,10-K,2013-02-22,17,high_priority
JNJ,ValuationAllowancesAndReservesBalance,"SEC Schedule, 12-09, Valuation Allowances and Reserves, Amount",USD,,2010-01-03,3191000.0,3304000000.0,-3300809000.0,-0.999034200968523,0.0009657990314769976,10-K,2013-02-22,7,high_priority
JPM,FairValueNetDerivativeAssetLiabilityMeasuredOnRecurringBasisChangeInUnrealizedGainLoss,"Fair Value, Net Derivative Asset (Liability), Recurring Basis, Still Held, Unrealized Gain (Loss)",USD,2025-07-01,2025-09-30,-1000000.0,2309000000.0,-2310000000.0,-1.000433087916847,0.00043308791684711995,10-Q,2025-11-04,73,high_priority
JPM,FairValueNetDerivativeAssetLiabilityMeasuredOnRecurringBasisChangeInUnrealizedGainLoss,"Fair Value, Net Derivative Asset (Liability), Recurring Basis, Still Held, Unrealized Gain (Loss)",USD,2025-01-01,2025-12-31,2026000000.0,-1000000.0,2027000000.0,-2027.0,2026.0,10-K,2026-02-13,73,high_priority
JPM,HeldToMaturitySecuritiesContinuousUnrealizedLossPositionLessThanTwelveMonthsFairValue,"Debt Securities, Held-to-maturity, Continuous Unrealized Loss Position, Less than 12 Months, Fair Value",USD,,2019-09-30,2291000000.0,1000000.0,2290000000.0,2290.0,2291.0,10-Q,2019-11-04,26,high_priority
JPM,IncreaseDecreaseInTradingLiabilities,Increase (Decrease) in Trading Liabilities,USD,2021-01-01,2021-03-31,-7000000.0,77198000000.0,-77205000000.0,-1.0000906759242467,9.067592424674215e-05,10-Q,2022-05-03,74,high_priority
JPM,SecurityOwnedAndPledgedAsCollateralFairValue,"Security Owned and Pledged as Collateral, Fair Value",USD,,2011-12-31,456200000000.0,450100000.0,455749900000.0,1012.5525438791379,1013.5525438791379,10-K,2013-02-28,29,high_priority
MCD,CashAndCashEquivalentsPeriodIncreaseDecrease,"Cash and Cash Equivalents, Period Increase (Decrease)",USD,2013-01-01,2013-03-31,-466800000.0,400000.0,-467200000.0,-1168.0,1167.0,10-Q,2014-05-06,75,high_priority
MCD,CertificatesOfDepositAtCarryingValue,"Certificates of Deposit, at Carrying Value",USD,,2022-12-31,1800000000.0,3.4,1799999996.6,529411763.7058823,529411764.7058824,10-K,2023-02-24,6,high_priority
MCD,GoodwillImpairedAccumulatedImpairmentLoss,"Goodwill, Impaired, Accumulated Impairment Loss",USD,,2019-12-31,113.9,15600000.0,-15599886.1,-0.9999926987179487,7.301282051282052e-06,10-K,2021-02-23,11,high_priority
MCD,GoodwillImpairedAccumulatedImpairmentLoss,"Goodwill, Impaired, Accumulated Impairment Loss",USD,,2020-12-31,14500000.0,113.9,14499886.1,127303.6532045654,127304.6532045654,10-K,2022-02-24,11,high_priority
MCD,OtherComprehensiveIncomeLossPensionAndOtherPostretirementBenefitPlansAdjustmentBeforeReclassificationAdjustmentsNetOfTax,"Other Comprehensive (Income) Loss, Defined Benefit Plan, before Reclassification Adjustment, after Tax",USD,2021-01-01,2021-12-31,-108100000.0,-100000.0,-108000000.0,1080.0,1081.0,10-K,2024-02-22,89,high_priority
MCD,OtherComprehensiveIncomeLossPensionAndOtherPostretirementBenefitPlansAdjustmentBeforeReclassificationAdjustmentsNetOfTax,"Other Comprehensive (Income) Loss, Defined Benefit Plan, before Reclassification Adjustment, after Tax",USD,2022-01-01,2022-03-31,-100000.0,-108100000.0,108000000.0,-0.9990749306197965,0.0009250693802035153,10-Q,2023-05-04,89,high_priority
MCD,PaymentsForRepurchaseOfCommonStock,Payments for Repurchase of Common Stock,USD,2020-07-01,2020-09-30,700000.0,905600000.0,-904900000.0,-0.9992270318021201,0.0007729681978798586,10-Q,2021-11-02,111,high_priority
MCD,PaymentsForRepurchaseOfCommonStock,Payments for Repurchase of Common Stock,USD,2020-01-01,2020-12-31,907800000.0,700000.0,907100000.0,1295.857142857143,1296.857142857143,10-K,2023-02-24,111,high_priority
MCD,ProceedsFromIssuanceOfLongTermDebt,Proceeds from Issuance of Long-term Debt,USD,2015-01-01,2015-03-31,500000.0,1540600000.0,-1540100000.0,-0.9996754511229391,0.00032454887706088537,10-Q,2016-05-06,82,high_priority
MCD,ProceedsFromIssuanceOfLongTermDebt,Proceeds from Issuance of Long-term Debt,USD,2015-04-01,2015-06-30,4227300000.0,500000.0,4226800000.0,8453.6,8454.6,10-Q,2016-08-04,82,high_priority
MCD,ProceedsFromIssuanceOfLongTermDebt,Proceeds from Issuance of Long-term Debt,USD,2015-07-01,2015-09-30,1400000.0,4229200000.0,-4227800000.0,-0.9996689681263596,0.0003310318736404048,10-Q,2016-11-04,82,high_priority
MCD,ProceedsFromIssuanceOfLongTermDebt,Proceeds from Issuance of Long-term Debt,USD,2015-01-01,2015-12-31,10220000000.0,1400000.0,10218600000.0,7299.0,7300.0,10-K,2018-02-23,82,high_priority
MCD,ProceedsFromIssuanceOfLongTermDebt,Proceeds from Issuance of Long-term Debt,USD,2016-01-01,2016-03-31,700000.0,10220000000.0,-10219300000.0,-0.9999315068493151,6.84931506849315e-05,10-Q,2017-05-08,82,high_priority
MCD,ProceedsFromIssuanceOfLongTermDebt,Proceeds from Issuance of Long-term Debt,USD,2016-01-01,2016-06-30,3372100000.0,700000.0,3371400000.0,4816.285714285715,4817.285714285715,10-Q,2017-08-08,82,high_priority
MCD,ProceedsFromIssuanceOfLongTermDebt,Proceeds from Issuance of Long-term Debt,USD,2016-07-01,2016-09-30,600000.0,3372700000.0,-3372100000.0,-0.9998221009873395,0.00017789901266047973,10-Q,2017-11-02,82,high_priority
MCD,ProceedsFromIssuanceOfLongTermDebt,Proceeds from Issuance of Long-term Debt,USD,2016-01-01,2016-12-31,3779500000.0,600000.0,3778900000.0,6298.166666666667,6299.166666666667,10-K,2019-02-22,82,high_priority
MCD,ProceedsFromIssuanceOfLongTermDebt,Proceeds from Issuance of Long-term Debt,USD,2017-07-01,2017-09-30,400000.0,2530100000.0,-2529700000.0,-0.9998419034820758,0.00015809651792419272,10-Q,2018-11-01,82,high_priority
MCD,ProceedsFromIssuanceOfLongTermDebt,Proceeds from Issuance of Long-term Debt,USD,2017-01-01,2017-09-30,2530500000.0,400000.0,2530100000.0,6325.25,6326.25,10-Q,2018-11-01,82,high_priority
MCD,ProceedsFromIssuanceOfLongTermDebt,Proceeds from Issuance of Long-term Debt,USD,2020-04-01,2020-06-30,800000.0,5540200000.0,-5539400000.0,-0.9998556008808346,0.0001443991191653731,10-Q,2021-08-04,82,high_priority
MCD,ProceedsFromIssuanceOfLongTermDebt,Proceeds from Issuance of Long-term Debt,USD,2020-01-01,2020-09-30,5543000000.0,800000.0,5542200000.0,6927.75,6928.75,10-Q,2021-11-02,82,high_priority
MCD,ProceedsFromIssuanceOfLongTermDebt,Proceeds from Issuance of Long-term Debt,USD,2020-07-01,2020-09-30,2800000.0,5543000000.0,-5540200000.0,-0.9994948583799387,0.0005051416200613386,10-Q,2021-11-02,82,high_priority
MCD,ProceedsFromIssuanceOfLongTermDebt,Proceeds from Issuance of Long-term Debt,USD,2020-01-01,2020-12-31,5543000000.0,2800000.0,5540200000.0,1978.642857142857,1979.642857142857,10-K,2023-02-24,82,high_priority
MCD,ProceedsFromPaymentsForOtherFinancingActivities,Proceeds from (Payments for) Other Financing Activities,USD,2020-07-01,2020-09-30,-100000.0,-122000000.0,121900000.0,-0.9991803278688525,0.000819672131147541,10-Q,2021-11-02,111,high_priority
MCD,ProceedsFromPaymentsForOtherFinancingActivities,Proceeds from (Payments for) Other Financing Activities,USD,2020-01-01,2020-12-31,-122000000.0,-100000.0,-121900000.0,1219.0,1220.0,10-K,2023-02-24,111,high_priority
MCD,RepaymentsOfLongTermDebt,Repayments of Long-term Debt,USD,2021-07-01,2021-09-30,400000.0,1739400000.0,-1739000000.0,-0.9997700356444751,0.00022996435552489363,10-Q,2022-11-07,81,high_priority
MCD,RepaymentsOfLongTermDebt,Repayments of Long-term Debt,USD,2021-01-01,2021-12-31,2240000000.0,400000.0,2239600000.0,5599.0,5600.0,10-K,2024-02-22,81,high_priority
MCD,RepaymentsOfLongTermDebt,Repayments of Long-term Debt,USD,2022-07-01,2022-09-30,400000.0,2201400000.0,-2201000000.0,-0.9998182974470792,0.00018170255292086854,10-Q,2023-11-02,81,high_priority
MCD,RepaymentsOfLongTermDebt,Repayments of Long-term Debt,USD,2022-01-01,2022-09-30,2201800000.0,400000.0,2201400000.0,5503.5,5504.5,10-Q,2023-11-02,81,high_priority
MCD,RepaymentsOfLongTermDebt,Repayments of Long-term Debt,USD,2026-01-01,2026-03-31,1000000.0,4802000000.0,-4801000000.0,-0.9997917534360683,0.00020824656393169514,10-Q,2026-05-07,81,high_priority
MCD,RestructuringSettlementAndImpairmentProvisions,"Restructuring, Settlement and Impairment Provisions",USD,2008-01-01,2008-06-30,1000000.0,1670300000.0,-1669300000.0,-0.9994013051547627,0.0005986948452373825,10-Q,2009-08-06,30,high_priority
MCD,TreasuryStockValueAcquiredCostMethod,"Treasury Stock, Value, Acquired, Cost Method",USD,2020-07-01,2020-09-30,700000.0,871200000.0,-870500000.0,-0.9991965105601469,0.0008034894398530762,10-Q,2021-11-02,62,high_priority
MCD,TreasuryStockValueAcquiredCostMethod,"Treasury Stock, Value, Acquired, Cost Method",USD,2020-01-01,2020-09-30,871900000.0,700000.0,871200000.0,1244.5714285714287,1245.5714285714287,10-Q,2021-11-02,62,high_priority
MCD,WeightedAverageNumberOfDilutedSharesOutstanding,"Weighted Average Number of Shares Outstanding, Diluted",shares,2021-01-01,2021-12-31,751.8,751900000.0,-751899248.2,-0.9999990001329965,9.998670035909029e-07,10-K,2024-02-22,122,high_priority
MCD,WeightedAverageNumberOfDilutedSharesOutstanding,"Weighted Average Number of Shares Outstanding, Diluted",shares,2022-01-01,2022-03-31,747600000.0,751.8,747599248.2,994412.4078212292,994413.4078212291,10-Q,2023-05-04,122,high_priority
MCD,WeightedAverageNumberOfDilutedSharesOutstanding,"Weighted Average Number of Shares Outstanding, Diluted",shares,2022-01-01,2022-12-31,741.3,739500000.0,-739499258.7,-0.999998997565923,1.0024340770791073e-06,10-K,2025-02-25,122,high_priority
MCD,WeightedAverageNumberOfSharesOutstandingBasic,"Weighted Average Number of Shares Outstanding, Basic",shares,2021-01-01,2021-12-31,746.3,747100000.0,-747099253.7,-0.9999990010708072,9.989291928791326e-07,10-K,2024-02-22,122,high_priority
MCD,WeightedAverageNumberOfSharesOutstandingBasic,"Weighted Average Number of Shares Outstanding, Basic",shares,2022-01-01,2022-03-31,742600000.0,746.3,742599253.7,995041.2082272546,995042.2082272546,10-Q,2022-05-02,122,high_priority
MCD,WeightedAverageNumberOfSharesOutstandingBasic,"Weighted Average Number of Shares Outstanding, Basic",shares,2022-01-01,2022-12-31,736.5,738300000.0,-738299263.5,-0.9999990024380333,9.975619666802114e-07,10-K,2025-02-25,122,high_priority
MRK,AvailableForSaleSecuritiesDebtMaturitiesAfterOneThroughFiveYearsFairValue,"Debt Securities, Available-for-Sale, Fair Value, Maturity, Allocated and Single Maturity Date, after Year One Through Five",USD,,2010-09-30,1600000000.0,1600000.0,1598400000.0,999.0,1000.0,10-Q,2010-11-08,39,high_priority
MRK,AvailableForSaleSecuritiesDebtSecuritiesCurrent,"Debt Securities, Available-for-sale, Current",USD,,2011-03-31,1300000000.0,1300000.0,1298700000.0,999.0,1000.0,10-Q,2011-05-09,39,high_priority
MRK,DefinedBenefitPlanEffectOfOnePercentagePointDecreaseOnAccumulatedPostretirementBenefitObligation1,"Defined Benefit Plan, Effect of One Percentage Point Decrease on Accumulated Postretirement Benefit Obligation",USD,2013-01-01,2013-12-31,262000000.0,324.0,261999676.0,808640.975308642,808641.975308642,10-K,2014-02-27,7,high_priority
MRK,DefinedBenefitPlanEffectOfOnePercentagePointDecreaseOnServiceAndInterestCostComponents1,"Defined Benefit Plan, Effect of One Percentage Point Decrease on Service and Interest Cost Components",USD,2013-01-01,2013-12-31,30000000.0,30.0,29999970.0,999999.0,1000000.0,10-K,2014-02-27,7,high_priority
MRK,DefinedBenefitPlanEffectOfOnePercentagePointIncreaseOnAccumulatedPostretirementBenefitObligation,"Defined Benefit Plan, Effect of One Percentage Point Increase on Accumulated Postretirement Benefit Obligation",USD,2012-01-01,2012-12-31,396.0,381000000.0,-380999604.0,-0.9999989606299212,1.0393700787401575e-06,10-K,2013-02-28,9,high_priority
MRK,DefinedBenefitPlanEffectOfOnePercentagePointIncreaseOnAccumulatedPostretirementBenefitObligation,"Defined Benefit Plan, Effect of One Percentage Point Increase on Accumulated Postretirement Benefit Obligation",USD,2013-01-01,2013-12-31,316000000.0,396.0,315999604.0,797978.7979797979,797979.7979797979,10-K,2014-02-27,9,high_priority
MRK,DefinedBenefitPlanEffectOfOnePercentagePointIncreaseOnServiceAndInterestCostComponents,"Defined Benefit Plan, Effect of One Percentage Point Increase on Service and Interest Cost Components",USD,2012-01-01,2012-12-31,38.0,50000000.0,-49999962.0,-0.99999924,7.6e-07,10-K,2013-02-28,9,high_priority
MRK,DefinedBenefitPlanEffectOfOnePercentagePointIncreaseOnServiceAndInterestCostComponents,"Defined Benefit Plan, Effect of One Percentage Point Increase on Service and Interest Cost Components",USD,2013-01-01,2013-12-31,38000000.0,38.0,37999962.0,999999.0,1000000.0,10-K,2014-02-27,9,high_priority
MRK,OtherComprehensiveIncomeLossPensionAndOtherPostretirementBenefitPlansAdjustmentNetOfTax,"Other Comprehensive (Income) Loss, Defined Benefit Plan, after Reclassification Adjustment, after Tax",USD,2014-01-01,2014-03-31,1000000.0,-2758000000.0,2759000000.0,-1.0003625815808557,0.00036258158085569254,10-Q,2015-05-07,34,high_priority
MRK,ProceedsFromIssuanceOfLongTermDebt,Proceeds from Issuance of Long-term Debt,USD,2014-01-01,2014-12-31,3146000000.0,1000000.0,3145000000.0,3145.0,3146.0,10-K,2017-02-28,49,high_priority
MRK,ProceedsFromRepaymentsOfShortTermDebt,Proceeds from (Repayments of) Short-term Debt,USD,2018-01-01,2018-06-30,2069000000.0,-1000000.0,2070000000.0,-2070.0,2069.0,10-Q,2019-08-06,63,high_priority
MRK,ProceedsFromSaleMaturityAndCollectionsOfInvestments,"Proceeds from Sale, Maturity and Collection of Investments",USD,2022-01-01,2022-03-31,1000000.0,1026000000.0,-1025000000.0,-0.9990253411306043,0.0009746588693957114,10-Q,2023-05-05,61,high_priority
MRK,RepaymentsOfLongTermDebt,Repayments of Long-term Debt,USD,2023-01-01,2023-03-31,1000000.0,2251000000.0,-2250000000.0,-0.9995557529986673,0.000444247001332741,10-Q,2024-05-03,74,high_priority
MRK,RepaymentsOfLongTermDebt,Repayments of Long-term Debt,USD,2023-01-01,2023-06-30,1751000000.0,1000000.0,1750000000.0,1750.0,1751.0,10-Q,2024-08-05,74,high_priority
MRK,ShareBasedCompensationArrangementByShareBasedPaymentAwardOptionsOutstandingIntrinsicValue,"Share-based Compensation Arrangement by Share-based Payment Award, Options, Outstanding, Intrinsic Value",USD,,2011-12-31,910000000.0,771.0,909999229.0,1180284.3437094681,1180285.3437094681,10-K,2012-02-28,16,high_priority
MRK,ShareBasedCompensationArrangementByShareBasedPaymentAwardOptionsOutstandingIntrinsicValue,"Share-based Compensation Arrangement by Share-based Payment Award, Options, Outstanding, Intrinsic Value",USD,,2012-12-31,762000.0,910000000.0,-909238000.0,-0.9991626373626373,0.0008373626373626374,10-K,2013-02-28,16,high_priority
MRK,SharebasedCompensationArrangementBySharebasedPaymentAwardOptionsExercisableIntrinsicValue1,"Share-based Compensation Arrangement by Share-based Payment Award, Options, Exercisable, Intrinsic Value",USD,,2012-12-31,700000.0,706000000.0,-705300000.0,-0.9990084985835694,0.000991501416430595,10-K,2013-02-28,15,high_priority
MRK,WeightedAverageNumberDilutedSharesOutstandingAdjustment,Weighted Average Number Diluted Shares Outstanding Adjustment,shares,2010-01-01,2010-12-31,25.0,24000000.0,-23999975.0,-0.9999989583333333,1.0416666666666667e-06,10-K,2013-02-28,105,high_priority
MRK,WeightedAverageNumberDilutedSharesOutstandingAdjustment,Weighted Average Number Diluted Shares Outstanding Adjustment,shares,2011-01-01,2011-03-31,20000000.0,25.0,19999975.0,799999.0,800000.0,10-Q,2012-05-08,105,high_priority
MRK,WeightedAverageNumberOfDilutedSharesOutstanding,"Weighted Average Number of Shares Outstanding, Diluted",shares,2010-01-01,2010-12-31,3120.0,3102000000.0,-3101996880.0,-0.9999989941972921,1.0058027079303676e-06,10-K,2013-02-28,105,high_priority
MRK,WeightedAverageNumberOfDilutedSharesOutstanding,"Weighted Average Number of Shares Outstanding, Diluted",shares,2011-01-01,2011-03-31,3104000000.0,3120.0,3103996880.0,994870.7948717949,994871.7948717949,10-Q,2012-05-08,105,high_priority
MRK,WeightedAverageNumberOfSharesOutstandingBasic,"Weighted Average Number of Shares Outstanding, Basic",shares,2010-01-01,2010-12-31,3095.0,3078000000.0,-3077996905.0,-0.9999989944769331,1.0055230669265757e-06,10-K,2013-02-28,105,high_priority
MRK,WeightedAverageNumberOfSharesOutstandingBasic,"Weighted Average Number of Shares Outstanding, Basic",shares,2011-01-01,2011-03-31,3084000000.0,3095.0,3083996905.0,996444.8804523424,996445.8804523424,10-Q,2012-05-08,105,high_priority
MS,AccumulatedOtherComprehensiveIncomeLossNetOfTax,"Accumulated Other Comprehensive Income (Loss), Net of Tax",USD,,2020-06-30,1000000.0,2095000000.0,-2094000000.0,-0.9995226730310263,0.00047732696897374703,10-Q,2020-08-04,66,high_priority
MS,CashAndCashEquivalentsPeriodIncreaseDecrease,"Cash and Cash Equivalents, Period Increase (Decrease)",USD,2008-12-01,2008-12-31,16000000.0,53056000000.0,-53040000000.0,-0.9996984318455971,0.00030156815440289503,10-K,2011-02-28,52,high_priority
MS,CashAndCashEquivalentsPeriodIncreaseDecrease,"Cash and Cash Equivalents, Period Increase (Decrease)",USD,2009-01-01,2009-03-31,-30129000000.0,16000000.0,-30145000000.0,-1884.0625,1883.0625,10-Q,2010-05-07,52,high_priority
MS,ComprehensiveIncomeNetOfTax,"Comprehensive Income (Loss), Net of Tax, Attributable to Parent",USD,2011-12-31,2012-03-31,3000000.0,4420000000.0,-4417000000.0,-0.9993212669683258,0.0006787330316742081,10-Q,2012-05-07,120,high_priority
MS,DerivativeFairValueOfDerivativeAssetAmountNotOffsetAgainstCollateral,"Derivative Asset, Fair Value, Amount Not Offset Against Collateral",USD,,2013-12-31,703018000000.0,79000000.0,702939000000.0,8897.962025316456,8898.962025316456,10-K,2015-03-02,21,high_priority
MS,DerivativeFairValueOfDerivativeLiabilityAmountNotOffsetAgainstCollateral,"Derivative Liability, Fair Value, Amount Not Offset Against Collateral",USD,,2011-12-31,46453000000.0,19000000.0,46434000000.0,2443.8947368421054,2444.8947368421054,10-K,2013-02-26,21,high_priority
MS,DerivativeFairValueOfDerivativeLiabilityAmountNotOffsetAgainstCollateral,"Derivative Liability, Fair Value, Amount Not Offset Against Collateral",USD,,2013-12-31,685871000000.0,200000000.0,685671000000.0,3428.355,3429.355,10-K,2015-03-02,21,high_priority
MS,IncomeLossFromContinuingOperationsIncludingPortionAttributableToNoncontrollingInterest,"Income (Loss) from Continuing Operations, Net of Tax, Including Portion Attributable to Noncontrolling Interest",USD,2009-01-01,2009-03-31,1000000.0,-1269000000.0,1270000000.0,-1.0007880220646177,0.0007880220646178094,10-K,2011-02-28,93,high_priority
MS,ProceedsFromIssuanceOfCommonStock,Proceeds from Issuance of Common Stock,USD,2010-01-01,2010-03-31,1000000.0,6255000000.0,-6254000000.0,-0.9998401278976818,0.0001598721023181455,10-Q,2011-05-09,21,high_priority
MS,ProceedsFromIssuanceOfCommonStock,Proceeds from Issuance of Common Stock,USD,2009-12-30,2010-09-30,5581000000.0,2000000.0,5579000000.0,2789.5,2790.5,10-Q,2010-11-08,21,high_priority
MS,StockRepurchasedDuringPeriodValue,"Stock Repurchased During Period, Value",USD,2016-07-01,2016-09-30,2000000.0,2500000000.0,-2498000000.0,-0.9992,0.0008,10-K,2018-02-27,83,high_priority
MS,StockRepurchasedDuringPeriodValue,"Stock Repurchased During Period, Value",USD,2016-01-01,2016-12-31,3500000000.0,2000000.0,3498000000.0,1749.0,1750.0,10-K,2018-02-27,83,high_priority
MSFT,GoodwillAcquiredDuringPeriod,"Goodwill, Acquired During Period",USD,2011-07-01,2012-03-31,7176000000.0,7000000.0,7169000000.0,1024.142857142857,1025.142857142857,10-Q,2012-04-19,72,high_priority
MSFT,GoodwillAcquiredDuringPeriod,"Goodwill, Acquired During Period",USD,2016-07-01,2016-12-31,16830000000.0,16000000.0,16814000000.0,1050.875,1051.875,10-Q,2017-01-26,72,high_priority
MSFT,IncreaseDecreaseInDeferredRevenue,Increase (Decrease) in Deferred Revenue,USD,2016-07-01,2017-06-30,67711000000.0,-45000000.0,67756000000.0,-1505.6888888888889,1504.6888888888889,10-K,2017-08-02,49,high_priority
NVDA,CashAndCashEquivalentsPeriodIncreaseDecrease,"Cash and Cash Equivalents, Period Increase (Decrease)",USD,2010-02-01,2010-08-01,-70218000.0,41000.0,-70259000.0,-1713.6341463414635,1712.6341463414635,10-Q,2011-08-25,46,high_priority
NVDA,CommonStockSharesAuthorized,"Common Stock, Shares Authorized",shares,,2010-08-01,2000000.0,2000000000.0,-1998000000.0,-0.999,0.001,10-Q,2010-08-30,51,high_priority
NVDA,CommonStockSharesAuthorized,"Common Stock, Shares Authorized",shares,,2010-10-31,2000000000.0,2000000.0,1998000000.0,999.0,1000.0,10-Q,2010-12-07,51,high_priority
NVDA,DebtConversionConvertedInstrumentSharesIssued1,"Debt Conversion, Converted Instrument, Shares Issued",shares,2016-02-01,2016-10-30,15000000.0,5446.0,14994554.0,2753.315093646713,2754.315093646713,10-Q,2016-11-22,9,high_priority
NVDA,ExtinguishmentOfDebtAmount,"Extinguishment of Debt, Amount",USD,2016-08-01,2016-10-30,444000000.0,200000.0,443800000.0,2219.0,2220.0,10-Q,2016-11-22,9,high_priority
NVDA,IncreaseDecreaseInPrepaidDeferredExpenseAndOtherAssets,Increase (Decrease) in Prepaid Expense and Other Assets,USD,2012-01-30,2012-04-29,-48100000.0,35000.0,-48135000.0,-1375.2857142857142,1374.2857142857142,10-Q,2013-05-22,61,high_priority
NVDA,OtherComprehensiveIncomeUnrealizedHoldingGainLossOnSecuritiesArisingDuringPeriodTax,"OCI, Debt Securities, Available-for-Sale, Unrealized Holding Gain (Loss), before Adjustment, Tax",USD,2009-01-26,2010-01-31,484.0,2054000.0,-2053516.0,-0.9997643622200584,0.0002356377799415774,10-K,2012-03-13,18,high_priority
NVDA,ProceedsFromSaleOfAvailableForSaleSecuritiesDebt,"Proceeds from Sale of Debt Securities, Available-for-sale",USD,2020-01-27,2020-04-26,1000000.0,3365000000.0,-3364000000.0,-0.999702823179792,0.00029717682020802375,10-Q,2021-05-26,37,high_priority
NVDA,ShareBasedCompensationArrangementByShareBasedPaymentAwardEquityInstrumentsOtherThanOptionsForfeitedInPeriod,"Share-based Compensation Arrangement by Share-based Payment Award, Equity Instruments Other than Options, Forfeited in Period",shares,2010-02-01,2010-10-31,-509000.0,-276.0,-508724.0,1843.2028985507247,1844.2028985507247,10-Q,2010-12-07,42,high_priority
NVDA,ShareBasedCompensationArrangementByShareBasedPaymentAwardEquityInstrumentsOtherThanOptionsGrantsInPeriod,"Share-based Compensation Arrangement by Share-based Payment Award, Equity Instruments Other than Options, Grants in Period",shares,2009-07-27,2009-10-25,2700000.0,200.0,2699800.0,13499.0,13500.0,10-Q,2010-12-07,60,high_priority
NVDA,ShareBasedCompensationArrangementByShareBasedPaymentAwardEquityInstrumentsOtherThanOptionsNonvestedNumber,"Share-based Compensation Arrangement by Share-based Payment Award, Equity Instruments Other than Options, Nonvested, Number",shares,,2010-10-31,10569000.0,8586.0,10560414.0,1229.9573724668064,1230.9573724668064,10-Q,2010-12-07,36,high_priority
NVDA,ShareBasedCompensationArrangementByShareBasedPaymentAwardEquityInstrumentsOtherThanOptionsVestedInPeriod,"Share-based Compensation Arrangement by Share-based Payment Award, Equity Instruments Other than Options, Vested in Period",shares,2010-02-01,2010-10-31,-3216000.0,-1558.0,-3214442.0,2063.1848523748395,2064.1848523748395,10-Q,2010-12-07,46,high_priority
NVDA,ShareBasedCompensationArrangementByShareBasedPaymentAwardNumberOfSharesAvailableForGrant,"Share-based Compensation Arrangement by Share-based Payment Award, Number of Shares Available for Grant",shares,,2010-08-01,39581.0,44016042.0,-43976461.0,-0.9991007596730301,0.0008992403269698807,10-Q,2010-08-30,19,high_priority
NVDA,ShareBasedCompensationArrangementByShareBasedPaymentAwardOptionsExercisesInPeriod,"Share-based Compensation Arrangement by Share-based Payment Award, Options, Exercises in Period (Deprecated 2011-01-31)",shares,2010-02-01,2010-08-01,-8142.0,-17099663.0,17091521.0,-0.9995238502653532,0.0004761497346468173,10-Q,2010-08-30,7,high_priority
NVDA,ShareBasedCompensationArrangementByShareBasedPaymentAwardOptionsExercisesInPeriod,"Share-based Compensation Arrangement by Share-based Payment Award, Options, Exercises in Period (Deprecated 2011-01-31)",shares,2010-02-01,2010-10-31,-9454000.0,-8142.0,-9445858.0,1160.1397690985016,1161.1397690985016,10-Q,2010-12-07,7,high_priority
NVDA,ShareBasedCompensationArrangementByShareBasedPaymentAwardOptionsForfeituresInPeriod,"Share-based Compensation Arrangement by Share-based Payment Award, Options, Forfeitures in Period",shares,2010-02-01,2010-08-01,-919.0,-1175541.0,1174622.0,-0.999218232286241,0.0007817677137590267,10-Q,2010-08-30,29,high_priority
NVDA,ShareBasedCompensationArrangementByShareBasedPaymentAwardOptionsForfeituresInPeriod,"Share-based Compensation Arrangement by Share-based Payment Award, Options, Forfeitures in Period",shares,2010-02-01,2010-10-31,-1388000.0,-919.0,-1387081.0,1509.3373231773667,1510.3373231773667,10-Q,2010-12-07,29,high_priority
NVDA,ShareBasedCompensationArrangementByShareBasedPaymentAwardOptionsGrantsInPeriod,"Share-based Compensation Arrangement by Share-based Payment Award, Options, Grants in Period, Net of Forfeitures",shares,2009-01-26,2009-07-26,5400.0,17888695.0,-17883295.0,-0.9996981333741785,0.0003018666258215035,10-Q,2010-08-30,15,high_priority
NVDA,ShareBasedCompensationArrangementByShareBasedPaymentAwardOptionsGrantsInPeriod,"Share-based Compensation Arrangement by Share-based Payment Award, Options, Grants in Period, Net of Forfeitures",shares,2009-01-26,2009-10-25,7600000.0,500.0,7599500.0,15199.0,15200.0,10-Q,2010-12-07,15,high_priority
NVDA,ShareBasedCompensationArrangementByShareBasedPaymentAwardOptionsOutstandingNumber,"Share-based Compensation Arrangement by Share-based Payment Award, Options, Outstanding, Number",shares,,2010-08-01,51992.0,58348422.0,-58296430.0,-0.9991089390557983,0.000891060944201713,10-Q,2010-08-30,34,high_priority
NVDA,ShareBasedCompensationArrangementByShareBasedPaymentAwardOptionsOutstandingNumber,"Share-based Compensation Arrangement by Share-based Payment Award, Options, Outstanding, Number",shares,,2010-10-31,53196000.0,51992.0,53144008.0,1022.157408832128,1023.157408832128,10-Q,2010-12-07,34,high_priority
NVDA,TreasuryStockAcquiredAverageCostPerShare,"Treasury Stock Acquired, Average Cost Per Share",USD/shares,2014-01-27,2014-04-27,368600000.0,14.56,368599985.44,25315933.065934066,25315934.065934066,10-Q,2014-05-21,5,high_priority
NVDA,TreasuryStockAcquiredAverageCostPerShare,"Treasury Stock Acquired, Average Cost Per Share",USD/shares,2014-04-28,2014-07-27,18.23,368600000.0,-368599981.77,-0.9999999505425935,4.945740640260445e-08,10-Q,2014-08-20,5,high_priority
NVDA,WeightedAverageNumberOfDilutedSharesOutstanding,"Weighted Average Number of Shares Outstanding, Diluted",shares,2008-01-28,2009-01-25,548126.0,590490000.0,-589941874.0,-0.9990717438059916,0.0009282561940083659,10-K,2011-03-16,112,high_priority
NVDA,WeightedAverageNumberOfDilutedSharesOutstanding,"Weighted Average Number of Shares Outstanding, Diluted",shares,2009-01-25,2009-07-26,544463000.0,542307.0,543920693.0,1002.9756079121236,1003.9756079121236,10-Q,2009-08-20,112,high_priority
NVDA,WeightedAverageNumberOfDilutedSharesOutstanding,"Weighted Average Number of Shares Outstanding, Diluted",shares,2009-01-26,2010-01-31,549574000.0,546737.0,549027263.0,1004.1889665414999,1005.1889665414999,10-K,2012-03-13,112,high_priority
NVDA,WeightedAverageNumberOfDilutedSharesOutstanding,"Weighted Average Number of Shares Outstanding, Diluted",shares,2010-08-02,2010-10-31,582648000.0,569971.0,582078029.0,1021.2414824613884,1022.2414824613884,10-Q,2011-11-22,112,high_priority
NVDA,WeightedAverageNumberOfSharesOutstandingBasic,"Weighted Average Number of Shares Outstanding, Basic",shares,2008-04-27,2008-07-27,555417000.0,550108.0,554866892.0,1008.6508322002225,1009.6508322002225,10-Q,2009-08-20,112,high_priority
NVDA,WeightedAverageNumberOfSharesOutstandingBasic,"Weighted Average Number of Shares Outstanding, Basic",shares,2008-01-28,2009-01-25,548126.0,551623000.0,-551074874.0,-0.9990063394746049,0.0009936605253950614,10-K,2011-03-16,112,high_priority
NVDA,WeightedAverageNumberOfSharesOutstandingBasic,"Weighted Average Number of Shares Outstanding, Basic",shares,2009-01-25,2009-07-26,544463000.0,542307.0,543920693.0,1002.9756079121236,1003.9756079121236,10-Q,2009-08-20,112,high_priority
NVDA,WeightedAverageNumberOfSharesOutstandingBasic,"Weighted Average Number of Shares Outstanding, Basic",shares,2009-01-26,2009-07-26,544463.0,544463000.0,-543918537.0,-0.999,0.001,10-Q,2010-08-30,112,high_priority
NVDA,WeightedAverageNumberOfSharesOutstandingBasic,"Weighted Average Number of Shares Outstanding, Basic",shares,2010-02-01,2010-10-31,572420000.0,569971.0,571850029.0,1003.2967098326055,1004.2967098326055,10-Q,2011-11-22,112,high_priority
ORCL,DeferredTaxExpenseFromStockOptionsExercised,Deferred Tax Expense from Stock Options Exercised,USD,2023-06-01,2024-05-31,1700000000.0,1200000.0,1698800000.0,1415.6666666666667,1416.6666666666667,10-K,2026-06-22,30,high_priority
ORCL,FinitelivedIntangibleAssetsAcquired1,Finite-lived Intangible Assets Acquired,USD,2015-06-01,2015-08-31,1000000.0,2418000000.0,-2417000000.0,-0.9995864350703061,0.00041356492969396195,10-Q,2015-09-18,17,high_priority
PFE,DeconsolidationGainOrLossAmount,"Deconsolidation, Gain (Loss), Amount",USD,2020-01-01,2020-03-29,6000000.0,8107000000.0,-8101000000.0,-0.9992598988528433,0.0007401011471567781,10-Q,2021-05-13,22,high_priority
PFE,DividendsPayableCurrent,"Dividends Payable, Current",USD,,2012-04-01,1000000.0,1796000000.0,-1795000000.0,-0.9994432071269488,0.0005567928730512249,10-Q,2012-05-10,60,high_priority
PFE,DividendsPayableCurrent,"Dividends Payable, Current",USD,,2012-07-01,1826000000.0,1000000.0,1825000000.0,1825.0,1826.0,10-Q,2012-08-09,60,high_priority
PFE,DividendsPayableCurrent,"Dividends Payable, Current",USD,,2012-09-30,1000000.0,1826000000.0,-1825000000.0,-0.9994523548740416,0.000547645125958379,10-Q,2012-11-09,60,high_priority
PFE,DividendsPayableCurrent,"Dividends Payable, Current",USD,,2012-12-31,1733000000.0,1000000.0,1732000000.0,1732.0,1733.0,10-K,2014-02-28,60,high_priority
PFE,DividendsPayableCurrent,"Dividends Payable, Current",USD,,2013-09-29,1000000.0,1685000000.0,-1684000000.0,-0.9994065281899109,0.0005934718100890207,10-Q,2013-11-08,60,high_priority
PFE,DividendsPayableCurrent,"Dividends Payable, Current",USD,,2013-12-31,1663000000.0,1000000.0,1662000000.0,1662.0,1663.0,10-K,2015-02-27,60,high_priority
PFE,DividendsPayableCurrent,"Dividends Payable, Current",USD,,2014-03-30,1000000.0,1663000000.0,-1662000000.0,-0.9993986770895971,0.0006013229104028864,10-Q,2014-05-08,60,high_priority
PFE,DividendsPayableCurrent,"Dividends Payable, Current",USD,,2014-06-29,1650000000.0,1000000.0,1649000000.0,1649.0,1650.0,10-Q,2014-08-07,60,high_priority
PFE,DividendsPayableCurrentAndNoncurrent,Dividends Payable,USD,,2009-09-27,1000000.0,1081000000.0,-1080000000.0,-0.9990749306197965,0.0009250693802035153,10-Q,2009-11-05,10,high_priority
PFE,DividendsPayableCurrentAndNoncurrent,Dividends Payable,USD,,2009-12-31,1454000000.0,1000000.0,1453000000.0,1453.0,1454.0,10-K,2011-02-28,10,high_priority
PFE,DividendsPayableCurrentAndNoncurrent,Dividends Payable,USD,,2010-04-04,1000000.0,1454000000.0,-1453000000.0,-0.9993122420907841,0.000687757909215956,10-Q,2010-05-13,10,high_priority
PFE,DividendsPayableCurrentAndNoncurrent,Dividends Payable,USD,,2010-07-04,1450000000.0,1000000.0,1449000000.0,1449.0,1450.0,10-Q,2010-08-12,10,high_priority
PFE,DividendsPayableCurrentAndNoncurrent,Dividends Payable,USD,,2010-10-03,1000000.0,1450000000.0,-1449000000.0,-0.9993103448275862,0.000689655172413793,10-Q,2010-11-12,10,high_priority
PFE,DividendsPayableCurrentAndNoncurrent,Dividends Payable,USD,,2010-12-31,1601000000.0,1000000.0,1600000000.0,1600.0,1601.0,10-Q,2011-11-10,10,high_priority
PFE,DividendsPayableCurrentAndNoncurrent,Dividends Payable,USD,,2011-04-03,1000000.0,1601000000.0,-1600000000.0,-0.9993753903810119,0.0006246096189881324,10-Q,2011-05-12,10,high_priority
PFE,DividendsPayableCurrentAndNoncurrent,Dividends Payable,USD,,2011-07-03,1637000000.0,1000000.0,1636000000.0,1636.0,1637.0,10-Q,2011-08-11,10,high_priority
PFE,EquitySecuritiesFvNiRealizedGainLoss,"Equity Securities, FV-NI, Realized Gain (Loss)",USD,2023-01-01,2023-12-31,1754000000.0,1000000.0,1753000000.0,1753.0,1754.0,10-K,2026-02-26,51,high_priority
PFE,IncomeLossFromDiscontinuedOperationsNetOfTax,"Income (Loss) from Discontinued Operations, Net of Tax, Including Portion Attributable to Noncontrolling Interest",USD,2019-01-01,2019-12-31,5318000000.0,4000000.0,5314000000.0,1328.5,1329.5,10-K,2022-02-24,114,high_priority
PFE,IncomeLossFromDiscontinuedOperationsNetOfTax,"Income (Loss) from Discontinued Operations, Net of Tax, Including Portion Attributable to Noncontrolling Interest",USD,2021-01-01,2021-04-04,1000000.0,2529000000.0,-2528000000.0,-0.9996045867931989,0.00039541320680110717,10-Q,2022-05-11,114,high_priority
PFE,IncomeLossFromDiscontinuedOperationsNetOfTaxAttributableToReportingEntity,"Income (Loss) from Discontinued Operations, Net of Tax, Attributable to Parent",USD,2019-01-01,2019-12-31,5318000000.0,4000000.0,5314000000.0,1328.5,1329.5,10-K,2022-02-24,69,high_priority
PFE,IncomeLossFromDiscontinuedOperationsNetOfTaxAttributableToReportingEntity,"Income (Loss) from Discontinued Operations, Net of Tax, Attributable to Parent",USD,2021-01-01,2021-04-04,1000000.0,2529000000.0,-2528000000.0,-0.9996045867931989,0.00039541320680110717,10-Q,2022-05-11,69,high_priority
PFE,NetCashProvidedByUsedInOperatingActivitiesContinuingOperations,"Net Cash Provided by (Used in) Operating Activities, Continuing Operations",USD,2023-01-01,2023-07-02,4000000.0,29267000000.0,-29263000000.0,-0.9998633272969556,0.00013667270304438446,10-Q,2023-08-09,16,high_priority
PFE,NetCashProvidedByUsedInOperatingActivitiesContinuingOperations,"Net Cash Provided by (Used in) Operating Activities, Continuing Operations",USD,2023-01-01,2023-12-31,8700000000.0,4000000.0,8696000000.0,2174.0,2175.0,10-K,2024-02-22,16,high_priority
PFE,OtherComprehensiveIncomeDefinedBenefitPlansNetUnamortizedGainLossArisingDuringPeriodTax,"Other Comprehensive Income (Loss), Defined Benefit Plan, Gain (Loss) Arising During Period, Tax",USD,2013-01-01,2013-12-31,1422000000.0,-1000000.0,1423000000.0,-1423.0,1422.0,10-K,2016-02-29,58,high_priority
PFE,OtherComprehensiveIncomeDefinedBenefitPlansNetUnamortizedGainLossArisingDuringPeriodTax,"Other Comprehensive Income (Loss), Defined Benefit Plan, Gain (Loss) Arising During Period, Tax",USD,2014-01-01,2014-03-30,1000000.0,1422000000.0,-1421000000.0,-0.9992967651195499,0.0007032348804500703,10-Q,2015-05-07,58,high_priority
PFE,OtherComprehensiveIncomeLossNetOfTaxPortionAttributableToParent,"Other Comprehensive Income (Loss), Net of Tax, Portion Attributable to Parent",USD,2016-01-01,2016-04-03,2000000.0,-2206000000.0,2208000000.0,-1.0009066183136899,0.0009066183136899365,10-Q,2016-05-12,14,high_priority
PFE,OtherComprehensiveIncomeLossPensionAndOtherPostretirementBenefitPlansNetUnamortizedGainLossArisingDuringPeriodBeforeTax,"Other Comprehensive Income (Loss), Defined Benefit Plan, Gain (Loss) Arising During Period, before Tax",USD,2017-01-01,2017-04-02,1000000.0,-1888000000.0,1889000000.0,-1.0005296610169492,0.0005296610169491525,10-Q,2018-05-10,66,high_priority
PFE,PaymentsToAcquireBusinessesNetOfCashAcquired,"Payments to Acquire Businesses, Net of Cash Acquired",USD,2023-01-01,2023-12-31,43430000000.0,25000000.0,43405000000.0,1736.2,1737.2,10-K,2026-02-26,60,high_priority
PFE,ProceedsFromIssuanceOfLongTermDebt,Proceeds from Issuance of Long-term Debt,USD,2010-01-01,2010-04-04,2000000.0,24023000000.0,-24021000000.0,-0.9999167464513175,8.325354868251259e-05,10-Q,2010-05-13,62,high_priority
PFE,RepaymentsOfLongTermDebt,Repayments of Long-term Debt,USD,2012-01-01,2012-04-01,3000000.0,6986000000.0,-6983000000.0,-0.9995705697108502,0.00042943028914972805,10-Q,2013-05-10,75,high_priority
PFE,RepaymentsOfLongTermDebt,Repayments of Long-term Debt,USD,2013-01-01,2013-06-30,2394000000.0,2000000.0,2392000000.0,1196.0,1197.0,10-Q,2014-08-07,75,high_priority
PFE,RepaymentsOfShortTermDebt,Repayments of Short-term Debt,USD,2014-01-01,2014-03-30,3000000.0,4234000000.0,-4231000000.0,-0.9992914501653283,0.0007085498346717053,10-Q,2015-05-07,54,high_priority
PFE,StockIssuedDuringPeriodSharesStockOptionsExercised,"Share-based Compensation Arrangement by Share-based Payment Award, Options, Exercises in Period",shares,2024-01-01,2024-12-31,4000.0,6709000.0,-6705000.0,-0.9994037859591594,0.0005962140408406618,10-K,2025-02-27,11,high_priority
UNH,IncomeLossFromContinuingOperationsBeforeIncomeTaxesExtraordinaryItemsNoncontrollingInterest,"Income (Loss) from Continuing Operations before Income Taxes, Noncontrolling Interest",USD,2024-01-01,2024-03-31,1000000.0,29112000000.0,-29111000000.0,-0.9999656499038198,3.43500961802693e-05,10-Q,2025-05-07,37,high_priority
UNH,IncomeLossFromContinuingOperationsBeforeIncomeTaxesExtraordinaryItemsNoncontrollingInterest,"Income (Loss) from Continuing Operations before Income Taxes, Noncontrolling Interest",USD,2024-01-01,2024-06-30,5666000000.0,1000000.0,5665000000.0,5665.0,5666.0,10-Q,2025-08-11,37,high_priority
UNH,OtherComprehensiveIncomeForeignCurrencyTransactionAndTranslationGainLossArisingDuringPeriodNetOfTax,"Other Comprehensive Income (Loss), Foreign Currency Transaction and Translation Gain (Loss) Arising During Period, Net of Tax",USD,2018-04-01,2018-06-30,-1069000000.0,-1000000.0,-1068000000.0,1068.0,1069.0,10-Q,2019-08-07,106,high_priority
UNH,ShareBasedCompensationArrangementByShareBasedPaymentAwardOptionsExercisableWeightedAverageRemainingContractualTerm,"Share-based Compensation Arrangement by Share-based Payment Award, Options, Exercisable, Weighted Average Remaining Contractual Term (Deprecated 2012-01-31)",pure,2010-01-01,2010-09-30,4.3,4500.0,-4495.7,-0.9990444444444444,0.0009555555555555555,10-Q,2010-11-03,5,high_priority
UNH,ShareBasedCompensationArrangementByShareBasedPaymentAwardOptionsOutstandingIntrinsicValue,"Share-based Compensation Arrangement by Share-based Payment Award, Options, Outstanding, Intrinsic Value",USD,,2010-12-31,395000000.0,443.0,394999557.0,891646.855530474,891647.855530474,10-K,2011-02-10,31,high_priority
UNH,ShareBasedCompensationArrangementByShareBasedPaymentAwardOptionsVestedAndExpectedToVestOutstandingAggregateIntrinsicValue,"Share-based Compensation Arrangement by Share-based Payment Award, Options, Vested and Expected to Vest, Outstanding, Aggregate Intrinsic Value",USD,,2010-12-31,388000000.0,430.0,387999570.0,902324.5813953489,902325.5813953489,10-K,2011-02-10,31,high_priority
UNH,ShareBasedCompensationArrangementByShareBasedPaymentAwardOptionsVestedAndExpectedToVestOutstandingWeightedAverageRemainingContractualTerm,"Share-based Compensation Arrangement by Share-based Payment Award, Options, Vested and Expected to Vest, Outstanding, Weighted Average Remaining Contractual Term (Deprecated 2012-01-31)",pure,2010-01-01,2010-09-30,5.2,5300.0,-5294.8,-0.9990188679245283,0.0009811320754716981,10-Q,2010-11-03,5,high_priority
UNH,StockRepurchasedAndRetiredDuringPeriodValue,"Stock Repurchased and Retired During Period, Value",USD,2024-01-01,2024-09-30,4045000000.0,-4000000.0,4049000000.0,-1012.25,1011.25,10-Q,2025-10-28,61,high_priority
UPS,EmployeeServiceShareBasedCompensationTaxBenefitFromCompensationExpense,"Share-based Payment Arrangement, Expense, Tax Benefit",USD,2013-01-01,2013-12-31,190000000.0,201.0,189999799.0,945272.631840796,945273.631840796,10-K,2016-02-25,15,high_priority
UPS,EmployeeServiceShareBasedCompensationTaxBenefitRealizedFromExerciseOfStockOptions,"Employee Service Share-based Compensation, Tax Benefit Realized from Exercise of Stock Options (Deprecated 2017-01-31)",USD,2013-01-01,2013-12-31,286000000.0,265.0,285999735.0,1079244.283018868,1079245.283018868,10-K,2016-02-25,6,high_priority
UPS,FairValueMeasurementWithUnobservableInputsReconciliationRecurringBasisAssetGainLossIncludedInEarnings,"Fair Value, Measurement with Unobservable Inputs Reconciliation, Recurring Basis, Asset, Gain (Loss) Included in Earnings (Deprecated 2012-01-31)",USD,2010-01-01,2010-12-31,-61.0,-6000000.0,5999939.0,-0.9999898333333334,1.0166666666666667e-05,10-K,2012-02-27,16,high_priority
UPS,FairValueMeasurementWithUnobservableInputsReconciliationRecurringBasisAssetGainLossIncludedInEarnings,"Fair Value, Measurement with Unobservable Inputs Reconciliation, Recurring Basis, Asset, Gain (Loss) Included in Earnings (Deprecated 2012-01-31)",USD,2011-01-01,2011-03-31,-13000000.0,-61.0,-12999939.0,213113.75409836066,213114.75409836066,10-Q,2012-05-07,16,high_priority
UPS,FairValueMeasurementWithUnobservableInputsReconciliationRecurringBasisAssetGainLossIncludedInEarnings,"Fair Value, Measurement with Unobservable Inputs Reconciliation, Recurring Basis, Asset, Gain (Loss) Included in Earnings (Deprecated 2012-01-31)",USD,2011-01-01,2011-12-31,-50.0,-39000000.0,38999950.0,-0.999998717948718,1.282051282051282e-06,10-K,2012-02-27,16,high_priority
UPS,FairValueMeasurementWithUnobservableInputsReconciliationRecurringBasisAssetGainLossIncludedInEarnings,"Fair Value, Measurement with Unobservable Inputs Reconciliation, Recurring Basis, Asset, Gain (Loss) Included in Earnings (Deprecated 2012-01-31)",USD,2012-01-01,2012-03-31,-13000000.0,-50.0,-12999950.0,259999.0,260000.0,10-Q,2012-05-07,16,high_priority
UPS,FairValueMeasurementWithUnobservableInputsReconciliationRecurringBasisAssetGainLossIncludedInOtherComprehensiveIncome,"Fair Value, Measurement with Unobservable Inputs Reconciliation, Recurring Basis, Asset, Gain (Loss) Included in Other Comprehensive Income (Loss) (Deprecated 2012-01-31)",USD,2010-01-01,2010-12-31,59.0,58000000.0,-57999941.0,-0.9999989827586206,1.0172413793103449e-06,10-K,2012-02-27,15,high_priority
UPS,FairValueMeasurementWithUnobservableInputsReconciliationRecurringBasisAssetSales,"Fair Value, Measurement with Unobservable Inputs Reconciliation, Recurring Basis, Asset, Sales",USD,2011-01-01,2011-03-31,138000000.0,110.0,137999890.0,1254544.4545454546,1254545.4545454546,10-Q,2012-05-07,44,high_priority
UPS,FairValueMeasurementWithUnobservableInputsReconciliationRecurringBasisAssetValue,"Fair Value, Measurement with Unobservable Inputs Reconciliation, Recurring Basis, Asset Value",USD,,2010-03-31,501000000.0,517.0,500999483.0,969051.2243713733,969052.2243713733,10-Q,2010-08-09,40,high_priority
UPS,LossContingencyEstimateOfPossibleLoss,"Loss Contingency, Estimate of Possible Loss",USD,,2017-09-30,247000000.0,247.0,246999753.0,999999.0,1000000.0,10-Q,2017-11-02,4,high_priority
UPS,NetCashProvidedByUsedInFinancingActivities,Net Cash Provided by (Used in) Financing Activities,USD,2023-01-01,2023-03-31,4000000.0,-11185000000.0,11189000000.0,-1.0003576218149308,0.0003576218149307108,10-Q,2024-05-03,75,high_priority
UPS,TradingSecuritiesDebtAmortizedCost,"Debt Securities, Trading, Amortized Cost",USD,,2022-12-31,2007000000.0,2000000.0,2005000000.0,1002.5,1003.5,10-K,2024-02-20,29,high_priority
VZ,AccumulatedOtherComprehensiveIncomeLossDefinedBenefitPensionAndOtherPostretirementPlansNetOfTax,"Accumulated Other Comprehensive (Income) Loss, Defined Benefit Plan, after Tax",USD,,2010-12-31,-1000000.0,-10847000000.0,10846000000.0,-0.9999078086106757,9.219138932423711e-05,10-K,2012-02-24,11,high_priority
VZ,CashCashEquivalentsRestrictedCashAndRestrictedCashEquivalentsPeriodIncreaseDecreaseIncludingExchangeRateEffect,"Cash, Cash Equivalents, Restricted Cash and Restricted Cash Equivalents, Period Increase (Decrease), Including Exchange Rate Effect",USD,2020-01-01,2020-03-31,4407000000.0,1000000.0,4406000000.0,4406.0,4407.0,10-Q,2021-04-27,39,high_priority
VZ,FiniteLivedIntangibleAssetsAmortizationExpense,"Finite-Lived Intangible Assets, Amortization Expense (Deprecated 2012-01-31)",USD,2010-04-01,2010-06-30,462.0,457000000.0,-456999538.0,-0.9999989890590809,1.0109409190371992e-06,10-Q,2011-07-28,19,high_priority
VZ,FiniteLivedIntangibleAssetsAmortizationExpense,"Finite-Lived Intangible Assets, Amortization Expense (Deprecated 2012-01-31)",USD,2010-01-01,2010-09-30,1365000000.0,919.0,1364999081.0,1485309.119695321,1485310.119695321,10-Q,2011-10-25,19,high_priority
VZ,FiniteLivedIntangibleAssetsAmortizationExpense,"Finite-Lived Intangible Assets, Amortization Expense (Deprecated 2012-01-31)",USD,2011-04-01,2011-06-30,374.0,370000000.0,-369999626.0,-0.9999989891891892,1.0108108108108108e-06,10-Q,2011-07-28,19,high_priority
VZ,FiniteLivedIntangibleAssetsAmortizationExpense,"Finite-Lived Intangible Assets, Amortization Expense (Deprecated 2012-01-31)",USD,2011-07-01,2011-09-30,377000000.0,744.0,376999256.0,506719.4301075269,506720.4301075269,10-Q,2011-10-25,19,high_priority
VZ,OtherComprehensiveIncomeDefinedBenefitPlansAdjustmentNetOfTaxPeriodIncreaseDecrease,"Other Comprehensive Income (Loss), Pension and Other Postretirement Benefit Plans, Adjustment, Net of Tax (Deprecated 2012-01-31)",USD,2011-01-01,2011-03-31,-1000000.0,2500000000.0,-2501000000.0,-1.0004,0.0004,10-Q,2012-04-26,18,high_priority
VZ,PaymentsToAcquireBusinessesNetOfCashAcquired,"Payments to Acquire Businesses, Net of Cash Acquired",USD,2015-01-01,2015-06-30,3225000000.0,2000000.0,3223000000.0,1611.5,1612.5,10-Q,2016-07-29,44,high_priority
VZ,PaymentsToAcquireOtherProductiveAssets,Payments to Acquire Other Productive Assets,USD,2015-01-01,2015-06-30,3225000000.0,2000000.0,3223000000.0,1611.5,1612.5,10-Q,2015-07-28,56,high_priority
WMT,ComprehensiveIncomeNetOfTaxIncludingPortionAttributableToNoncontrollingInterest,"Comprehensive Income (Loss), Net of Tax, Including Portion Attributable to Noncontrolling Interest",USD,2020-02-01,2020-04-30,-1000000.0,13966000000.0,-13967000000.0,-1.0000716024631247,7.160246312473149e-05,10-Q,2021-06-04,107,high_priority
WMT,ComprehensiveIncomeNetOfTaxIncludingPortionAttributableToNoncontrollingInterest,"Comprehensive Income (Loss), Net of Tax, Including Portion Attributable to Noncontrolling Interest",USD,2020-05-01,2020-07-31,6875000000.0,-1000000.0,6876000000.0,-6876.0,6875.0,10-Q,2021-09-02,107,high_priority
WMT,DividendsCash,"Dividends, Cash",USD,2019-02-01,2020-01-31,6048000000.0,-5000000.0,6053000000.0,-1210.6,1209.6,10-K,2022-03-18,60,high_priority
WMT,NetCashProvidedByUsedInFinancingActivities,Net Cash Provided by (Used in) Financing Activities,USD,2025-02-01,2025-04-30,8000000.0,-14822000000.0,14830000000.0,-1.0005397382269599,0.0005397382269599245,10-Q,2026-05-29,74,high_priority
WMT,OtherComprehensiveIncomeLossPensionAndOtherPostretirementBenefitPlansAdjustmentNetOfTax,"Other Comprehensive (Income) Loss, Defined Benefit Plan, after Reclassification Adjustment, after Tax",USD,2021-08-01,2021-10-31,-1000000.0,-1971000000.0,1970000000.0,-0.9994926433282597,0.0005073566717402334,10-Q,2022-12-01,76,high_priority
WMT,OtherComprehensiveIncomeLossPensionAndOtherPostretirementBenefitPlansAdjustmentNetOfTax,"Other Comprehensive (Income) Loss, Defined Benefit Plan, after Reclassification Adjustment, after Tax",USD,2021-02-01,2021-10-31,-1972000000.0,-1000000.0,-1971000000.0,1971.0,1972.0,10-Q,2022-12-01,76,high_priority
WMT,OtherComprehensiveIncomeLossPensionAndOtherPostretirementBenefitPlansAdjustmentNetOfTax,"Other Comprehensive (Income) Loss, Defined Benefit Plan, after Reclassification Adjustment, after Tax",USD,2022-02-01,2022-04-30,-1000000.0,-1974000000.0,1973000000.0,-0.9994934143870314,0.0005065856129685917,10-Q,2023-06-02,76,high_priority
WMT,ProceedsFromIssuanceOfLongTermDebt,Proceeds from Issuance of Long-term Debt,USD,2012-02-01,2012-04-30,5000000.0,5050000000.0,-5045000000.0,-0.999009900990099,0.0009900990099009901,10-Q,2013-06-07,72,high_priority
WMT,ReclassificationFromAccumulatedOtherComprehensiveIncomeCurrentPeriodNetOfTax,"Reclassification from Accumulated Other Comprehensive Income, Current Period, Net of Tax",USD,2019-02-01,2019-04-30,1000000.0,-2142000000.0,2143000000.0,-1.0004668534080299,0.00046685340802987864,10-Q,2020-09-02,50,high_priority
XOM,StockholdersEquityOther,"Stockholders' Equity, Other",USD,2025-01-01,2025-03-31,1000000.0,1651000000.0,-1650000000.0,-0.9993943064809206,0.0006056935190793458,10-Q,2026-05-04,86,high_priority
